date,cash,equity,margin,market_value,pnl,unrealized_pnl,fees
2020-01-02,10000.0,10000.0,0.0,10000.0,0.0,0.0,0.0
2020-01-03,138.52,9990.8,0.0,9990.8,-9.2,0.0,0.0
2020-01-06,138.52,10054.28,0.0,10054.28,54.28,0.0,0.0
2020-01-07,138.52,10052.9,0.0,10052.9,52.9,0.0,0.0
2020-01-08,138.52,10127.42,0.0,10127.42,127.42,0.0,0.0
2020-01-09,138.52,10212.06,0.0,10212.06,212.06,0.0,0.0
2020-01-10,138.52,10186.3,0.0,10186.3,186.3,0.0,0.0
2020-01-13,138.52,10302.22,0.0,10302.22,302.22,0.0,0.0
2020-01-14,138.52,10262.2,0.0,10262.2,262.2,0.0,0.0
2020-01-15,138.52,10266.34,0.0,10266.34,266.34,0.0,0.0
2020-01-16,138.52,10363.4,0.0,10363.4,363.4,0.0,0.0
2020-01-17,138.52,10414.0,0.0,10414.0,414.0,0.0,0.0
2020-01-21,138.52,10409.4,0.0,10409.4,409.4,0.0,0.0
2020-01-22,138.52,10436.54,0.0,10436.54,436.54,0.0,0.0
2020-01-23,138.52,10469.66,0.0,10469.66,469.66,0.0,0.0
2020-01-24,138.52,10382.72,0.0,10382.72,382.72,0.0,0.0
2020-01-27,138.52,10171.12,0.0,10171.12,171.12,0.0,0.0
2020-01-28,174.12,10279.6,0.0,10279.6,279.6,0.0,0.0
2020-01-29,79.07,10282.33,0.0,10282.33,282.33,0.0,0.0
2020-01-30,79.07,10318.67,0.0,10318.67,318.67,0.0,0.0
2020-01-31,79.07,10156.29,0.0,10156.29,156.29,0.0,0.0
2020-02-03,79.07,10308.55,0.0,10308.55,308.55,0.0,0.0
2020-02-04,218.51,10487.78,0.0,10487.78,487.78,0.0,0.0
2020-02-05,196.98,10466.88,0.0,10466.88,466.88,0.0,0.0
2020-02-06,196.98,10555.53,0.0,10555.53,555.53,0.0,0.0
2020-02-07,196.98,10510.98,0.0,10510.98,510.98,0.0,0.0
2020-02-10,196.98,10635.63,0.0,10635.63,635.63,0.0,0.0
2020-02-11,196.98,10637.43,0.0,10637.43,637.43,0.0,0.0
2020-02-12,196.98,10739.13,0.0,10739.13,739.13,0.0,0.0
2020-02-13,196.98,10725.63,0.0,10725.63,725.63,0.0,0.0
2020-02-14,196.98,10755.78,0.0,10755.78,755.78,0.0,0.0
2020-02-18,196.98,10759.83,0.0,10759.83,759.83,0.0,0.0
2020-02-19,196.98,10861.08,0.0,10861.08,861.08,0.0,0.0
2020-02-20,196.98,10762.08,0.0,10762.08,762.08,0.0,0.0
2020-02-21,196.98,10559.13,0.0,10559.13,559.13,0.0,0.0
2020-02-24,196.98,10159.53,0.0,10159.53,159.53,0.0,0.0
2020-02-25,196.98,9888.63,0.0,9888.63,-111.37,0.0,0.0
2020-02-26,196.98,9938.58,0.0,9938.58,-61.42,0.0,0.0
2020-02-27,196.98,9450.78,0.0,9450.78,-549.22,0.0,0.0
2020-02-28,196.98,9457.98,0.0,9457.98,-542.02,0.0,0.0
2020-03-02,277.78,9690.48,0.0,9690.48,-309.52,0.0,0.0
2020-03-03,277.78,9727.88,0.0,9727.88,-272.12,0.0,0.0
2020-03-04,68.43,9888.33,0.0,9888.33,-111.67,0.0,0.0
2020-03-05,68.43,9589.98,0.0,9589.98,-410.02,0.0,0.0
2020-03-06,68.43,9429.33,0.0,9429.33,-570.67,0.0,0.0
2020-03-09,5.67,8932.68,0.0,8932.68,-1067.32,0.0,0.0
2020-03-10,5.67,8893.54,0.0,8893.54,-1106.46,0.0,0.0
2020-03-11,5.67,8883.24,0.0,8883.24,-1116.76,0.0,0.0
2020-03-12,5.67,8881.18,0.0,8881.18,-1118.82,0.0,0.0
2020-03-13,451.26,8495.76,0.0,8495.76,-1504.24,0.0,0.0
2020-03-16,715.6,9184.76,0.0,9184.76,-815.24,0.0,0.0
2020-03-17,715.6,9165.16,0.0,9165.16,-834.84,0.0,0.0
2020-03-18,715.6,9154.38,0.0,9154.38,-845.62,0.0,0.0
2020-03-19,113.13,9164.49,0.0,9164.49,-835.51,0.0,0.0
2020-03-20,64.16,9232.1,0.0,9232.1,-767.9,0.0,0.0
2020-03-23,64.16,9242.7,0.0,9242.7,-757.3,0.0,0.0
2020-03-24,64.16,9229.98,0.0,9229.98,-770.02,0.0,0.0
2020-03-25,64.16,9240.58,0.0,9240.58,-759.42,0.0,0.0
2020-03-26,64.16,9251.18,0.0,9251.18,-748.82,0.0,0.0
2020-03-27,64.16,9249.06,0.0,9249.06,-750.94,0.0,0.0
2020-03-30,64.16,9253.3,0.0,9253.3,-746.7,0.0,0.0
2020-03-31,64.16,9251.18,0.0,9251.18,-748.82,0.0,0.0
2020-04-01,401.4,9152.28,0.0,9152.28,-847.72,0.0,0.0
2020-04-02,209.07,9306.27,0.0,9306.27,-693.73,0.0,0.0
2020-04-03,209.07,9304.17,0.0,9304.17,-695.83,0.0,0.0
2020-04-06,15.81,9446.85,0.0,9446.85,-553.15,0.0,0.0
2020-04-07,15.81,9443.01,0.0,9443.01,-556.99,0.0,0.0
2020-04-08,15.81,9643.17,0.0,9643.17,-356.83,0.0,0.0
2020-04-09,15.81,9657.09,0.0,9657.09,-342.91,0.0,0.0
2020-04-13,15.81,9761.25,0.0,9761.25,-238.75,0.0,0.0
2020-04-14,15.81,10185.09,0.0,10185.09,185.09,0.0,0.0
2020-04-15,15.81,10068.45,0.0,10068.45,68.45,0.0,0.0
2020-04-16,15.81,10251.81,0.0,10251.81,251.81,0.0,0.0
2020-04-17,15.81,10349.73,0.0,10349.73,349.73,0.0,0.0
2020-04-20,15.81,10227.33,0.0,10227.33,227.33,0.0,0.0
2020-04-21,15.81,9850.53,0.0,9850.53,-149.47,0.0,0.0
2020-04-22,15.81,10142.37,0.0,10142.37,142.37,0.0,0.0
2020-04-23,15.81,10120.77,0.0,10120.77,120.77,0.0,0.0
2020-04-24,15.81,10280.13,0.0,10280.13,280.13,0.0,0.0
2020-04-27,15.81,10362.69,0.0,10362.69,362.69,0.0,0.0
2020-04-28,15.81,10167.81,0.0,10167.81,167.81,0.0,0.0
2020-04-29,15.81,10527.81,0.0,10527.81,527.81,0.0,0.0
2020-04-30,15.81,10523.49,0.0,10523.49,523.49,0.0,0.0
2020-05-01,15.81,10227.33,0.0,10227.33,227.33,0.0,0.0
2020-05-04,15.81,10346.37,0.0,10346.37,346.37,0.0,0.0
2020-05-05,15.81,10463.49,0.0,10463.49,463.49,0.0,0.0
2020-05-06,15.81,10527.81,0.0,10527.81,527.81,0.0,0.0
2020-05-07,15.81,10663.17,0.0,10663.17,663.17,0.0,0.0
2020-05-08,15.81,10809.09,0.0,10809.09,809.09,0.0,0.0
2020-05-11,15.81,10905.57,0.0,10905.57,905.57,0.0,0.0
2020-05-12,15.81,10677.57,0.0,10677.57,677.57,0.0,0.0
2020-05-13,15.81,10544.13,0.0,10544.13,544.13,0.0,0.0
2020-05-14,15.81,10663.65,0.0,10663.65,663.65,0.0,0.0
2020-05-15,15.81,10732.77,0.0,10732.77,732.77,0.0,0.0
2020-05-18,15.81,10932.45,0.0,10932.45,932.45,0.0,0.0
2020-05-19,15.81,10905.09,0.0,10905.09,905.09,0.0,0.0
2020-05-20,15.81,11122.53,0.0,11122.53,1122.53,0.0,0.0
2020-05-21,15.81,11001.57,0.0,11001.57,1001.57,0.0,0.0
2020-05-22,15.81,11039.49,0.0,11039.49,1039.49,0.0,0.0
2020-05-26,15.81,11009.73,0.0,11009.73,1009.73,0.0,0.0
2020-05-27,15.81,11069.73,0.0,11069.73,1069.73,0.0,0.0
2020-05-28,15.81,11055.33,0.0,11055.33,1055.33,0.0,0.0
2020-05-29,15.81,11217.09,0.0,11217.09,1217.09,0.0,0.0
2020-06-01,15.81,11250.69,0.0,11250.69,1250.69,0.0,0.0
2020-06-02,15.81,11326.05,0.0,11326.05,1326.05,0.0,0.0
2020-06-03,15.81,11376.93,0.0,11376.93,1376.93,0.0,0.0
2020-06-04,15.81,11297.25,0.0,11297.25,1297.25,0.0,0.0
2020-06-05,15.81,11520.93,0.0,11520.93,1520.93,0.0,0.0
2020-06-08,15.81,11610.21,0.0,11610.21,1610.21,0.0,0.0
2020-06-09,15.81,11694.21,0.0,11694.21,1694.21,0.0,0.0
2020-06-10,15.81,11834.37,0.0,11834.37,1834.37,0.0,0.0
2020-06-11,15.81,11248.77,0.0,11248.77,1248.77,0.0,0.0
2020-06-12,15.81,11338.05,0.0,11338.05,1338.05,0.0,0.0
2020-06-15,15.81,11475.81,0.0,11475.81,1475.81,0.0,0.0
2020-06-16,196.53,11617.17,0.0,11617.17,1617.17,0.0,0.0
2020-06-17,146.64,11596.78,0.0,11596.78,1596.78,0.0,0.0
2020-06-18,146.64,11627.8,0.0,11627.8,1627.8,0.0,0.0
2020-06-19,146.64,11625.92,0.0,11625.92,1625.92,0.0,0.0
2020-06-22,146.64,11743.42,0.0,11743.42,1743.42,0.0,0.0
2020-06-23,146.64,11842.12,0.0,11842.12,1842.12,0.0,0.0
2020-06-24,146.64,11601.01,0.0,11601.01,1601.01,0.0,0.0
2020-06-25,146.64,11710.05,0.0,11710.05,1710.05,0.0,0.0
2020-06-26,146.64,11436.98,0.0,11436.98,1436.98,0.0,0.0
2020-06-29,146.64,11560.12,0.0,11560.12,1560.12,0.0,0.0
2020-06-30,159.9,11679.03,0.0,11679.03,1679.03,0.0,0.0
2020-07-01,201.92,11724.46,0.0,11724.46,1724.46,0.0,0.0
2020-07-02,201.92,11802.66,0.0,11802.66,1802.66,0.0,0.0
2020-07-06,201.92,12087.86,0.0,12087.86,2087.86,0.0,0.0
2020-07-07,201.92,12005.98,0.0,12005.98,2005.98,0.0,0.0
2020-07-08,201.92,12161.46,0.0,12161.46,2161.46,0.0,0.0
2020-07-09,201.92,12262.2,0.0,12262.2,2262.2,0.0,0.0
2020-07-10,201.92,12344.54,0.0,12344.54,2344.54,0.0,0.0
2020-07-13,201.92,12094.76,0.0,12094.76,2094.76,0.0,0.0
2020-07-14,201.92,12178.94,0.0,12178.94,2178.94,0.0,0.0
2020-07-15,201.92,12203.32,0.0,12203.32,2203.32,0.0,0.0
2020-07-16,201.92,12121.44,0.0,12121.44,2121.44,0.0,0.0
2020-07-17,201.92,12135.24,0.0,12135.24,2135.24,0.0,0.0
2020-07-20,201.92,12473.8,0.0,12473.8,2473.8,0.0,0.0
2020-07-21,201.92,12345.92,0.0,12345.92,2345.92,0.0,0.0
2020-07-22,201.92,12388.7,0.0,12388.7,2388.7,0.0,0.0
2020-07-23,201.92,12070.38,0.0,12070.38,2070.38,0.0,0.0
2020-07-24,201.92,11957.68,0.0,11957.68,1957.68,0.0,0.0
2020-07-27,201.92,12167.44,0.0,12167.44,2167.44,0.0,0.0
2020-07-28,201.92,12015.18,0.0,12015.18,2015.18,0.0,0.0
2020-07-29,201.92,12151.34,0.0,12151.34,2151.34,0.0,0.0
2020-07-30,201.92,12213.9,0.0,12213.9,2213.9,0.0,0.0
2020-07-31,201.92,12428.26,0.0,12428.26,2428.26,0.0,0.0
2020-08-03,201.92,12593.4,0.0,12593.4,2593.4,0.0,0.0
2020-08-04,201.92,12639.4,0.0,12639.4,2639.4,0.0,0.0
2020-08-05,201.92,12670.22,0.0,12670.22,2670.22,0.0,0.0
2020-08-06,201.92,12835.36,0.0,12835.36,2835.36,0.0,0.0
2020-08-07,201.92,12689.54,0.0,12689.54,2689.54,0.0,0.0
2020-08-10,201.92,12636.18,0.0,12636.18,2636.18,0.0,0.0
2020-08-11,201.92,12400.66,0.0,12400.66,2400.66,0.0,0.0
2020-08-12,201.92,12707.48,0.0,12707.48,2707.48,0.0,0.0
2020-08-13,201.92,12736.0,0.0,12736.0,2736.0,0.0,0.0
2020-08-14,201.92,12721.28,0.0,12721.28,2721.28,0.0,0.0
2020-08-17,201.92,12866.64,0.0,12866.64,2866.64,0.0,0.0
2020-08-18,201.92,12988.54,0.0,12988.54,2988.54,0.0,0.0
2020-08-19,201.92,12902.52,0.0,12902.52,2902.52,0.0,0.0
2020-08-20,201.92,13078.7,0.0,13078.7,3078.7,0.0,0.0
2020-08-21,201.92,13167.94,0.0,13167.94,3167.94,0.0,0.0
2020-08-24,201.92,13248.9,0.0,13248.9,3248.9,0.0,0.0
2020-08-25,201.92,13351.48,0.0,13351.48,3351.48,0.0,0.0
2020-08-26,201.92,13632.08,0.0,13632.08,3632.08,0.0,0.0
2020-08-27,201.92,13590.22,0.0,13590.22,3590.22,0.0,0.0
2020-08-28,201.92,13658.3,0.0,13658.3,3658.3,0.0,0.0
2020-08-31,201.92,13766.4,0.0,13766.4,3766.4,0.0,0.0
2020-09-01,201.92,13998.24,0.0,13998.24,3998.24,0.0,0.0
2020-09-02,201.92,14128.88,0.0,14128.88,4128.88,0.0,0.0
2020-09-03,201.92,13422.78,0.0,13422.78,3422.78,0.0,0.0
2020-09-04,201.92,13246.6,0.0,13246.6,3246.6,0.0,0.0
2020-09-08,201.92,12619.62,0.0,12619.62,2619.62,0.0,0.0
2020-09-09,201.92,12984.4,0.0,12984.4,2984.4,0.0,0.0
2020-09-10,201.92,12729.56,0.0,12729.56,2729.56,0.0,0.0
2020-09-11,201.92,12642.62,0.0,12642.62,2642.62,0.0,0.0
2020-09-14,201.92,12859.28,0.0,12859.28,2859.28,0.0,0.0
2020-09-15,201.92,13038.68,0.0,13038.68,3038.68,0.0,0.0
2020-09-16,201.92,12833.98,0.0,12833.98,2833.98,0.0,0.0
2020-09-17,201.92,12636.64,0.0,12636.64,2636.64,0.0,0.0
2020-09-18,201.92,12477.94,0.0,12477.94,2477.94,0.0,0.0
2020-09-21,201.92,12507.38,0.0,12507.38,2507.38,0.0,0.0
2020-09-22,201.92,12736.0,0.0,12736.0,2736.0,0.0,0.0
2020-09-23,201.92,12353.28,0.0,12353.28,2353.28,0.0,0.0
2020-09-24,201.92,12409.86,0.0,12409.86,2409.86,0.0,0.0
2020-09-25,201.92,12693.68,0.0,12693.68,2693.68,0.0,0.0
2020-09-28,201.92,12953.12,0.0,12953.12,2953.12,0.0,0.0
2020-09-29,201.92,12895.62,0.0,12895.62,2895.62,0.0,0.0
2020-09-30,201.92,12982.56,0.0,12982.56,2982.56,0.0,0.0
2020-10-01,201.92,13185.42,0.0,13185.42,3185.42,0.0,0.0
2020-10-02,201.92,12820.18,0.0,12820.18,2820.18,0.0,0.0
2020-10-05,201.92,13089.28,0.0,13089.28,3089.28,0.0,0.0
2020-10-06,201.92,12859.28,0.0,12859.28,2859.28,0.0,0.0
2020-10-07,201.92,13078.24,0.0,13078.24,3078.24,0.0,0.0
2020-10-08,201.92,13146.78,0.0,13146.78,3146.78,0.0,0.0
2020-10-09,201.92,13344.58,0.0,13344.58,3344.58,0.0,0.0
2020-10-12,201.92,13750.3,0.0,13750.3,3750.3,0.0,0.0
2020-10-13,201.92,13749.84,0.0,13749.84,3749.84,0.0,0.0
2020-10-14,201.92,13636.68,0.0,13636.68,3636.68,0.0,0.0
2020-10-15,201.92,13546.52,0.0,13546.52,3546.52,0.0,0.0
2020-10-16,201.92,13473.38,0.0,13473.38,3473.38,0.0,0.0
2020-10-19,201.92,13256.72,0.0,13256.72,3256.72,0.0,0.0
2020-10-20,201.92,13284.78,0.0,13284.78,3284.78,0.0,0.0
2020-10-21,201.92,13274.66,0.0,13274.66,3274.66,0.0,0.0
2020-10-22,201.92,13274.2,0.0,13274.2,3274.2,0.0,0.0
2020-10-23,201.92,13299.96,0.0,13299.96,3299.96,0.0,0.0
2020-10-26,201.92,13103.54,0.0,13103.54,3103.54,0.0,0.0
2020-10-27,201.92,13204.28,0.0,13204.28,3204.28,0.0,0.0
2020-10-28,201.92,12697.36,0.0,12697.36,2697.36,0.0,0.0
2020-10-29,201.92,12915.86,0.0,12915.86,2915.86,0.0,0.0
2020-10-30,201.92,12593.4,0.0,12593.4,2593.4,0.0,0.0
2020-11-02,201.92,12621.0,0.0,12621.0,2621.0,0.0,0.0
2020-11-03,201.92,12835.82,0.0,12835.82,2835.82,0.0,0.0
2020-11-04,201.92,13399.78,0.0,13399.78,3399.78,0.0,0.0
2020-11-05,201.92,13743.86,0.0,13743.86,3743.86,0.0,0.0
2020-11-06,201.92,13753.98,0.0,13753.98,3753.98,0.0,0.0
2020-11-09,201.92,13477.06,0.0,13477.06,3477.06,0.0,0.0
2020-11-10,201.92,13239.24,0.0,13239.24,3239.24,0.0,0.0
2020-11-11,201.92,13530.88,0.0,13530.88,3530.88,0.0,0.0
2020-11-12,201.92,13468.32,0.0,13468.32,3468.32,0.0,0.0
2020-11-13,201.92,13584.7,0.0,13584.7,3584.7,0.0,0.0
2020-11-16,201.92,13689.12,0.0,13689.12,3689.12,0.0,0.0
2020-11-17,201.92,13646.34,0.0,13646.34,3646.34,0.0,0.0
2020-11-18,201.92,13546.98,0.0,13546.98,3546.98,0.0,0.0
2020-11-19,201.92,13651.4,0.0,13651.4,3651.4,0.0,0.0
2020-11-20,201.92,13559.4,0.0,13559.4,3559.4,0.0,0.0
2020-11-23,201.92,13559.86,0.0,13559.86,3559.86,0.0,0.0
2020-11-24,201.92,13747.54,0.0,13747.54,3747.54,0.0,0.0
2020-11-25,201.92,13830.8,0.0,13830.8,3830.8,0.0,0.0
2020-11-27,201.92,13956.38,0.0,13956.38,3956.38,0.0,0.0
2020-11-30,201.92,13984.44,0.0,13984.44,3984.44,0.0,0.0
2020-12-01,201.92,14161.08,0.0,14161.08,4161.08,0.0,0.0
2020-12-02,201.92,14179.02,0.0,14179.02,4179.02,0.0,0.0
2020-12-03,201.92,14198.8,0.0,14198.8,4198.8,0.0,0.0
2020-12-04,201.92,14255.84,0.0,14255.84,4255.84,0.0,0.0
2020-12-07,201.92,14335.42,0.0,14335.42,4335.42,0.0,0.0
2020-12-08,201.92,14383.26,0.0,14383.26,4383.26,0.0,0.0
2020-12-09,201.92,14062.18,0.0,14062.18,4062.18,0.0,0.0
2020-12-10,201.92,14117.84,0.0,14117.84,4117.84,0.0,0.0
2020-12-11,201.92,14087.02,0.0,14087.02,4087.02,0.0,0.0
2020-12-14,201.92,14187.76,0.0,14187.76,4187.76,0.0,0.0
2020-12-15,201.92,14337.26,0.0,14337.26,4337.26,0.0,0.0
2020-12-16,201.92,14415.0,0.0,14415.0,4415.0,0.0,0.0
2020-12-17,201.92,14507.92,0.0,14507.92,4507.92,0.0,0.0
2020-12-18,201.92,14464.68,0.0,14464.68,4464.68,0.0,0.0
2020-12-21,201.92,14412.24,0.0,14412.24,4412.24,0.0,0.0
2020-12-22,201.92,14450.88,0.0,14450.88,4450.88,0.0,0.0
2020-12-23,201.92,14379.12,0.0,14379.12,4379.12,0.0,0.0
2020-12-24,201.92,14441.68,0.0,14441.68,4441.68,0.0,0.0
2020-12-28,201.92,14585.2,0.0,14585.2,4585.2,0.0,0.0
2020-12-29,201.92,14598.08,0.0,14598.08,4598.08,0.0,0.0
2020-12-30,201.92,14598.54,0.0,14598.54,4598.54,0.0,0.0
2020-12-31,201.92,14633.96,0.0,14633.96,4633.96,0.0,0.0
2021-01-04,201.92,14430.18,0.0,14430.18,4430.18,0.0,0.0
2021-01-05,201.92,14547.48,0.0,14547.48,4547.48,0.0,0.0
2021-01-06,201.92,14348.76,0.0,14348.76,4348.76,0.0,0.0
2021-01-07,201.92,14691.0,0.0,14691.0,4691.0,0.0,0.0
2021-01-08,201.92,14877.3,0.0,14877.3,4877.3,0.0,0.0
2021-01-11,201.92,14665.24,0.0,14665.24,4665.24,0.0,0.0
2021-01-12,201.92,14642.24,0.0,14642.24,4642.24,0.0,0.0
2021-01-13,201.92,14739.76,0.0,14739.76,4739.76,0.0,0.0
2021-01-14,201.92,14662.02,0.0,14662.02,4662.02,0.0,0.0
2021-01-15,201.92,14547.48,0.0,14547.48,4547.48,0.0,0.0
2021-01-19,201.92,14756.78,0.0,14756.78,4756.78,0.0,0.0
2021-01-20,201.92,15095.34,0.0,15095.34,5095.34,0.0,0.0
2021-01-21,201.92,15214.48,0.0,15214.48,5214.48,0.0,0.0
2021-01-22,201.92,15171.24,0.0,15171.24,5171.24,0.0,0.0
2021-01-25,201.92,15294.98,0.0,15294.98,5294.98,0.0,0.0
2021-01-26,201.92,15317.06,0.0,15317.06,5317.06,0.0,0.0
2021-01-27,201.92,14895.7,0.0,14895.7,4895.7,0.0,0.0
2021-01-28,201.92,14982.64,0.0,14982.64,4982.64,0.0,0.0
2021-01-29,201.92,14671.68,0.0,14671.68,4671.68,0.0,0.0
2021-02-01,201.92,15033.24,0.0,15033.24,5033.24,0.0,0.0
2021-02-02,201.92,15275.2,0.0,15275.2,5275.2,0.0,0.0
2021-02-03,201.92,15215.4,0.0,15215.4,5215.4,0.0,0.0
2021-02-04,201.92,15392.96,0.0,15392.96,5392.96,0.0,0.0
2021-02-05,201.92,15444.48,0.0,15444.48,5444.48,0.0,0.0
2021-02-08,201.92,15546.6,0.0,15546.6,5546.6,0.0,0.0
2021-02-09,201.92,15543.38,0.0,15543.38,5543.38,0.0,0.0
2021-02-10,201.92,15508.42,0.0,15508.42,5508.42,0.0,0.0
2021-02-11,201.92,15592.6,0.0,15592.6,5592.6,0.0,0.0
2021-02-12,201.92,15678.62,0.0,15678.62,5678.62,0.0,0.0
2021-02-16,201.92,15636.76,0.0,15636.76,5636.76,0.0,0.0
2021-02-17,201.92,15562.7,0.0,15562.7,5562.7,0.0,0.0
2021-02-18,201.92,15495.54,0.0,15495.54,5495.54,0.0,0.0
2021-02-19,201.92,15428.84,0.0,15428.84,5428.84,0.0,0.0
2021-02-22,201.92,15034.16,0.0,15034.16,5034.16,0.0,0.0
2021-02-23,201.92,14990.0,0.0,14990.0,4990.0,0.0,0.0
2021-02-24,201.92,15111.9,0.0,15111.9,5111.9,0.0,0.0
2021-02-25,201.92,14592.1,0.0,14592.1,4592.1,0.0,0.0
2021-02-26,201.92,14652.36,0.0,14652.36,4652.36,0.0,0.0
2021-03-01,201.92,15087.06,0.0,15087.06,5087.06,0.0,0.0
2021-03-02,201.92,14848.32,0.0,14848.32,4848.32,0.0,0.0
2021-03-03,201.92,14423.28,0.0,14423.28,4423.28,0.0,0.0
2021-03-04,201.92,14190.52,0.0,14190.52,4190.52,0.0,0.0
2021-03-05,201.92,14401.2,0.0,14401.2,4401.2,0.0,0.0
2021-03-08,201.92,13999.16,0.0,13999.16,3999.16,0.0,0.0
2021-03-09,201.92,14543.34,0.0,14543.34,4543.34,0.0,0.0
2021-03-10,201.92,14502.4,0.0,14502.4,4502.4,0.0,0.0
2021-03-11,201.92,14831.76,0.0,14831.76,4831.76,0.0,0.0
2021-03-12,201.92,14713.08,0.0,14713.08,4713.08,0.0,0.0
2021-03-15,201.92,14868.1,0.0,14868.1,4868.1,0.0,0.0
2021-03-16,201.92,14948.6,0.0,14948.6,4948.6,0.0,0.0
2021-03-17,201.92,15009.32,0.0,15009.32,5009.32,0.0,0.0
2021-03-18,201.92,14555.76,0.0,14555.76,4555.76,0.0,0.0
2021-03-19,201.92,14606.36,0.0,14606.36,4606.36,0.0,0.0
2021-03-22,201.92,14857.98,0.0,14857.98,4857.98,0.0,0.0
2021-03-23,201.92,14794.04,0.0,14794.04,4794.04,0.0,0.0
2021-03-24,201.92,14547.94,0.0,14547.94,4547.94,0.0,0.0
2021-03-25,201.92,14523.1,0.0,14523.1,4523.1,0.0,0.0
2021-03-26,201.92,14737.92,0.0,14737.92,4737.92,0.0,0.0
2021-03-29,201.92,14733.78,0.0,14733.78,4733.78,0.0,0.0
2021-03-30,201.92,14660.64,0.0,14660.64,4660.64,0.0,0.0
2021-03-31,201.92,14881.9,0.0,14881.9,4881.9,0.0,0.0
2021-04-01,201.92,15132.14,0.0,15132.14,5132.14,0.0,0.0
2021-04-05,201.92,15430.22,0.0,15430.22,5430.22,0.0,0.0
2021-04-06,201.92,15419.64,0.0,15419.64,5419.64,0.0,0.0
2021-04-07,201.92,15456.44,0.0,15456.44,5456.44,0.0,0.0
2021-04-08,201.92,15615.6,0.0,15615.6,5615.6,0.0,0.0
2021-04-09,201.92,15708.98,0.0,15708.98,5708.98,0.0,0.0
2021-04-12,201.92,15688.74,0.0,15688.74,5688.74,0.0,0.0
2021-04-13,201.92,15869.52,0.0,15869.52,5869.52,0.0,0.0
2021-04-14,201.92,15681.38,0.0,15681.38,5681.38,0.0,0.0
2021-04-15,201.92,15915.98,0.0,15915.98,5915.98,0.0,0.0
2021-04-16,201.92,15934.38,0.0,15934.38,5934.38,0.0,0.0
2021-04-19,201.92,15790.4,0.0,15790.4,5790.4,0.0,0.0
2021-04-20,201.92,15676.78,0.0,15676.78,5676.78,0.0,0.0
2021-04-21,201.92,15809.26,0.0,15809.26,5809.26,0.0,0.0
2021-04-22,201.92,15621.12,0.0,15621.12,5621.12,0.0,0.0
2021-04-23,201.92,15815.24,0.0,15815.24,5815.24,0.0,0.0
2021-04-26,201.92,15916.9,0.0,15916.9,5916.9,0.0,0.0
2021-04-27,201.92,15848.82,0.0,15848.82,5848.82,0.0,0.0
2021-04-28,201.92,15795.92,0.0,15795.92,5795.92,0.0,0.0
2021-04-29,201.92,15852.04,0.0,15852.04,5852.04,0.0,0.0
2021-04-30,201.92,15749.46,0.0,15749.46,5749.46,0.0,0.0
2021-05-03,201.92,15666.66,0.0,15666.66,5666.66,0.0,0.0
2021-05-04,201.92,15388.36,0.0,15388.36,5388.36,0.0,0.0
2021-05-05,201.92,15337.3,0.0,15337.3,5337.3,0.0,0.0
2021-05-06,201.92,15451.38,0.0,15451.38,5451.38,0.0,0.0
2021-05-07,201.92,15575.12,0.0,15575.12,5575.12,0.0,0.0
2021-05-10,201.92,15186.88,0.0,15186.88,5186.88,0.0,0.0
2021-05-11,201.92,15166.18,0.0,15166.18,5166.18,0.0,0.0
2021-05-12,201.92,14778.86,0.0,14778.86,4778.86,0.0,0.0
2021-05-13,201.92,14891.56,0.0,14891.56,4891.56,0.0,0.0
2021-05-14,201.92,15215.86,0.0,15215.86,5215.86,0.0,0.0
2021-05-17,201.92,15124.78,0.0,15124.78,5124.78,0.0,0.0
2021-05-18,201.92,15024.04,0.0,15024.04,5024.04,0.0,0.0
2021-05-19,201.92,15041.06,0.0,15041.06,5041.06,0.0,0.0
2021-05-20,201.92,15328.1,0.0,15328.1,5328.1,0.0,0.0
2021-05-21,201.92,15244.38,0.0,15244.38,5244.38,0.0,0.0
2021-05-24,201.92,15497.38,0.0,15497.38,5497.38,0.0,0.0
2021-05-25,201.92,15518.54,0.0,15518.54,5518.54,0.0,0.0
2021-05-26,201.92,15571.9,0.0,15571.9,5571.9,0.0,0.0
2021-05-27,201.92,15514.4,0.0,15514.4,5514.4,0.0,0.0
2021-05-28,201.92,15562.7,0.0,15562.7,5562.7,0.0,0.0
2021-06-01,201.92,15511.64,0.0,15511.64,5511.64,0.0,0.0
2021-06-02,201.92,15541.54,0.0,15541.54,5541.54,0.0,0.0
2021-06-03,201.92,15381.92,0.0,15381.92,5381.92,0.0,0.0
2021-06-04,201.92,15639.52,0.0,15639.52,5639.52,0.0,0.0
2021-06-07,201.92,15685.52,0.0,15685.52,5685.52,0.0,0.0
2021-06-08,201.92,15692.88,0.0,15692.88,5692.88,0.0,0.0
2021-06-09,201.92,15696.56,0.0,15696.56,5696.56,0.0,0.0
2021-06-10,201.92,15858.02,0.0,15858.02,5858.02,0.0,0.0
2021-06-11,201.92,15898.96,0.0,15898.96,5898.96,0.0,0.0
2021-06-14,201.92,16049.38,0.0,16049.38,6049.38,0.0,0.0
2021-06-15,201.92,15945.88,0.0,15945.88,5945.88,0.0,0.0
2021-06-16,201.92,15888.38,0.0,15888.38,5888.38,0.0,0.0
2021-06-17,201.92,16087.56,0.0,16087.56,6087.56,0.0,0.0
2021-06-18,201.92,15962.9,0.0,15962.9,5962.9,0.0,0.0
2021-06-21,201.92,16042.48,0.0,16042.48,6042.48,0.0,0.0
2021-06-22,201.92,16190.14,0.0,16190.14,6190.14,0.0,0.0
2021-06-23,201.92,16197.96,0.0,16197.96,6197.96,0.0,0.0
2021-06-24,201.92,16296.86,0.0,16296.86,6296.86,0.0,0.0
2021-06-25,201.92,16277.08,0.0,16277.08,6277.08,0.0,0.0
2021-06-28,201.92,16472.58,0.0,16472.58,6472.58,0.0,0.0
2021-06-29,201.92,16531.46,0.0,16531.46,6531.46,0.0,0.0
2021-06-30,201.92,16505.7,0.0,16505.7,6505.7,0.0,0.0
2021-07-01,201.92,16512.14,0.0,16512.14,6512.14,0.0,0.0
2021-07-02,201.92,16699.36,0.0,16699.36,6699.36,0.0,0.0
2021-07-06,201.92,16770.66,0.0,16770.66,6770.66,0.0,0.0
2021-07-07,201.92,16805.62,0.0,16805.62,6805.62,0.0,0.0
2021-07-08,201.92,16705.34,0.0,16705.34,6705.34,0.0,0.0
2021-07-09,201.92,16808.38,0.0,16808.38,6808.38,0.0,0.0
2021-07-12,201.92,16873.24,0.0,16873.24,6873.24,0.0,0.0
2021-07-13,201.92,16873.24,0.0,16873.24,6873.24,0.0,0.0
2021-07-14,201.92,16903.14,0.0,16903.14,6903.14,0.0,0.0
2021-07-15,201.92,16785.84,0.0,16785.84,6785.84,0.0,0.0
2021-07-16,201.92,16651.52,0.0,16651.52,6651.52,0.0,0.0
2021-07-19,201.92,16516.74,0.0,16516.74,6516.74,0.0,0.0
2021-07-20,201.92,16706.26,0.0,16706.26,6706.26,0.0,0.0
2021-07-21,201.92,16833.68,0.0,16833.68,6833.68,0.0,0.0
2021-07-22,201.92,16943.62,0.0,16943.62,6943.62,0.0,0.0
2021-07-23,201.92,17139.12,0.0,17139.12,7139.12,0.0,0.0
2021-07-26,201.92,17152.46,0.0,17152.46,7152.46,0.0,0.0
2021-07-27,201.92,16965.7,0.0,16965.7,6965.7,0.0,0.0
2021-07-28,201.92,17030.1,0.0,17030.1,7030.1,0.0,0.0
2021-07-29,201.92,17060.0,0.0,17060.0,7060.0,0.0,0.0
2021-07-30,201.92,16972.14,0.0,16972.14,6972.14,0.0,0.0
2021-08-02,201.92,16973.52,0.0,16973.52,6973.52,0.0,0.0
2021-08-03,201.92,17075.18,0.0,17075.18,7075.18,0.0,0.0
2021-08-04,201.92,17099.56,0.0,17099.56,7099.56,0.0,0.0
2021-08-05,201.92,17206.74,0.0,17206.74,7206.74,0.0,0.0
2021-08-06,201.92,17132.22,0.0,17132.22,7132.22,0.0,0.0
2021-08-09,201.92,17163.5,0.0,17163.5,7163.5,0.0,0.0
2021-08-10,201.92,17076.56,0.0,17076.56,7076.56,0.0,0.0
2021-08-11,201.92,17047.58,0.0,17047.58,7047.58,0.0,0.0
2021-08-12,201.92,17108.3,0.0,17108.3,7108.3,0.0,0.0
2021-08-13,201.92,17167.64,0.0,17167.64,7167.64,0.0,0.0
2021-08-16,201.92,17175.0,0.0,17175.0,7175.0,0.0,0.0
2021-08-17,201.92,17025.5,0.0,17025.5,7025.5,0.0,0.0
2021-08-18,201.92,16863.58,0.0,16863.58,6863.58,0.0,0.0
2021-08-19,201.92,16944.08,0.0,16944.08,6944.08,0.0,0.0
2021-08-20,201.92,17117.5,0.0,17117.5,7117.5,0.0,0.0
2021-08-23,201.92,17370.5,0.0,17370.5,7370.5,0.0,0.0
2021-08-24,201.92,17422.94,0.0,17422.94,7422.94,0.0,0.0
2021-08-25,201.92,17442.72,0.0,17442.72,7442.72,0.0,0.0
2021-08-26,201.92,17333.24,0.0,17333.24,7333.24,0.0,0.0
2021-08-27,201.92,17499.76,0.0,17499.76,7499.76,0.0,0.0
2021-08-30,201.92,17693.88,0.0,17693.88,7693.88,0.0,0.0
2021-08-31,201.92,17679.62,0.0,17679.62,7679.62,0.0,0.0
2021-09-01,201.92,17708.6,0.0,17708.6,7708.6,0.0,0.0
2021-09-02,201.92,17700.32,0.0,17700.32,7700.32,0.0,0.0
2021-09-03,201.92,17754.14,0.0,17754.14,7754.14,0.0,0.0
2021-09-07,201.92,17778.98,0.0,17778.98,7778.98,0.0,0.0
2021-09-08,201.92,17717.8,0.0,17717.8,7717.8,0.0,0.0
2021-09-09,201.92,17657.54,0.0,17657.54,7657.54,0.0,0.0
2021-09-10,201.92,17525.06,0.0,17525.06,7525.06,0.0,0.0
2021-09-13,201.92,17513.1,0.0,17513.1,7513.1,0.0,0.0
2021-09-14,201.92,17463.88,0.0,17463.88,7463.88,0.0,0.0
2021-09-15,201.92,17592.22,0.0,17592.22,7592.22,0.0,0.0
2021-09-16,201.92,17604.18,0.0,17604.18,7604.18,0.0,0.0
2021-09-17,201.92,17398.1,0.0,17398.1,7398.1,0.0,0.0
2021-09-20,201.92,17024.12,0.0,17024.12,7024.12,0.0,0.0
2021-09-21,201.92,17044.82,0.0,17044.82,7044.82,0.0,0.0
2021-09-22,201.92,17202.14,0.0,17202.14,7202.14,0.0,0.0
2021-09-23,201.92,17359.0,0.0,17359.0,7359.0,0.0,0.0
2021-09-24,201.92,17375.1,0.0,17375.1,7375.1,0.0,0.0
2021-09-27,201.92,17238.02,0.0,17238.02,7238.02,0.0,0.0
2021-09-28,201.92,16755.94,0.0,16755.94,6755.94,0.0,0.0
2021-09-29,201.92,16728.8,0.0,16728.8,6728.8,0.0,0.0
2021-09-30,201.92,16668.08,0.0,16668.08,6668.08,0.0,0.0
2021-10-01,201.92,16770.2,0.0,16770.2,6770.2,0.0,0.0
2021-10-04,201.92,16422.44,0.0,16422.44,6422.44,0.0,0.0
2021-10-05,201.92,16641.4,0.0,16641.4,6641.4,0.0,0.0
2021-10-06,201.92,16746.74,0.0,16746.74,6746.74,0.0,0.0
2021-10-07,201.92,16898.54,0.0,16898.54,6898.54,0.0,0.0
2021-10-08,201.92,16815.28,0.0,16815.28,6815.28,0.0,0.0
2021-10-11,201.92,16687.86,0.0,16687.86,6687.86,0.0,0.0
2021-10-12,201.92,16630.36,0.0,16630.36,6630.36,0.0,0.0
2021-10-13,201.92,16761.92,0.0,16761.92,6761.92,0.0,0.0
2021-10-14,201.92,17066.9,0.0,17066.9,7066.9,0.0,0.0
2021-10-15,201.92,17173.16,0.0,17173.16,7173.16,0.0,0.0
2021-10-18,201.92,17343.82,0.0,17343.82,7343.82,0.0,0.0
2021-10-19,201.92,17473.54,0.0,17473.54,7473.54,0.0,0.0
2021-10-20,201.92,17451.0,0.0,17451.0,7451.0,0.0,0.0
2021-10-21,201.92,17556.34,0.0,17556.34,7556.34,0.0,0.0
2021-10-22,201.92,17410.52,0.0,17410.52,7410.52,0.0,0.0
2021-10-25,201.92,17586.7,0.0,17586.7,7586.7,0.0,0.0
2021-10-26,201.92,17641.44,0.0,17641.44,7641.44,0.0,0.0
2021-10-27,201.92,17681.92,0.0,17681.92,7681.92,0.0,0.0
2021-10-28,201.92,17876.04,0.0,17876.04,7876.04,0.0,0.0
2021-10-29,201.92,17962.98,0.0,17962.98,7962.98,0.0,0.0
2021-11-01,201.92,18023.7,0.0,18023.7,8023.7,0.0,0.0
2021-11-02,201.92,18098.22,0.0,18098.22,8098.22,0.0,0.0
2021-11-03,201.92,18288.2,0.0,18288.2,8288.2,0.0,0.0
2021-11-04,201.92,18520.04,0.0,18520.04,8520.04,0.0,0.0
2021-11-05,201.92,18537.52,0.0,18537.52,8537.52,0.0,0.0
2021-11-08,201.92,18512.68,0.0,18512.68,8512.68,0.0,0.0
2021-11-09,201.92,18386.64,0.0,18386.64,8386.64,0.0,0.0
2021-11-10,201.92,18119.38,0.0,18119.38,8119.38,0.0,0.0
2021-11-11,201.92,18169.06,0.0,18169.06,8169.06,0.0,0.0
2021-11-12,201.92,18358.12,0.0,18358.12,8358.12,0.0,0.0
2021-11-15,201.92,18353.98,0.0,18353.98,8353.98,0.0,0.0
2021-11-16,201.92,18483.24,0.0,18483.24,8483.24,0.0,0.0
2021-11-17,201.92,18492.9,0.0,18492.9,8492.9,0.0,0.0
2021-11-18,201.92,18682.42,0.0,18682.42,8682.42,0.0,0.0
2021-11-19,201.92,18785.46,0.0,18785.46,8785.46,0.0,0.0
2021-11-22,201.92,18569.72,0.0,18569.72,8569.72,0.0,0.0
2021-11-23,201.92,18486.0,0.0,18486.0,8486.0,0.0,0.0
2021-11-24,201.92,18544.88,0.0,18544.88,8544.88,0.0,0.0
2021-11-26,201.92,18197.12,0.0,18197.12,8197.12,0.0,0.0
2021-11-29,201.92,18587.66,0.0,18587.66,8587.66,0.0,0.0
2021-11-30,201.92,18317.64,0.0,18317.64,8317.64,0.0,0.0
2021-12-01,201.92,18009.44,0.0,18009.44,8009.44,0.0,0.0
2021-12-02,201.92,18137.78,0.0,18137.78,8137.78,0.0,0.0
2021-12-03,201.92,17825.9,0.0,17825.9,7825.9,0.0,0.0
2021-12-06,201.92,17967.12,0.0,17967.12,7967.12,0.0,0.0
2021-12-07,201.92,18502.1,0.0,18502.1,8502.1,0.0,0.0
2021-12-08,201.92,18583.98,0.0,18583.98,8583.98,0.0,0.0
2021-12-09,201.92,18313.5,0.0,18313.5,8313.5,0.0,0.0
2021-12-10,201.92,18510.38,0.0,18510.38,8510.38,0.0,0.0
2021-12-13,201.92,18245.88,0.0,18245.88,8245.88,0.0,0.0
2021-12-14,201.92,18059.12,0.0,18059.12,8059.12,0.0,0.0
2021-12-15,201.92,18466.22,0.0,18466.22,8466.22,0.0,0.0
2021-12-16,201.92,17996.56,0.0,17996.56,7996.56,0.0,0.0
2021-12-17,201.92,17907.78,0.0,17907.78,7907.78,0.0,0.0
2021-12-20,201.92,17713.66,0.0,17713.66,7713.66,0.0,0.0
2021-12-21,201.92,18105.58,0.0,18105.58,8105.58,0.0,0.0
2021-12-22,201.92,18323.62,0.0,18323.62,8323.62,0.0,0.0
2021-12-23,201.92,18460.24,0.0,18460.24,8460.24,0.0,0.0
2021-12-27,201.92,18762.0,0.0,18762.0,8762.0,0.0,0.0
2021-12-28,201.92,18675.98,0.0,18675.98,8675.98,0.0,0.0
2021-12-29,201.92,18673.22,0.0,18673.22,8673.22,0.0,0.0
2021-12-30,201.92,18618.02,0.0,18618.02,8618.02,0.0,0.0
2021-12-31,201.92,18503.02,0.0,18503.02,8503.02,0.0,0.0
2022-01-03,201.92,18679.2,0.0,18679.2,8679.2,0.0,0.0
2022-01-04,201.92,18439.54,0.0,18439.54,8439.54,0.0,0.0
2022-01-05,201.92,17879.26,0.0,17879.26,7879.26,0.0,0.0
2022-01-06,201.92,17866.84,0.0,17866.84,7866.84,0.0,0.0
2022-01-07,201.92,17675.48,0.0,17675.48,7675.48,0.0,0.0
2022-01-10,201.92,17686.98,0.0,17686.98,7686.98,0.0,0.0
2022-01-11,201.92,17949.64,0.0,17949.64,7949.64,0.0,0.0
2022-01-12,201.92,18020.02,0.0,18020.02,8020.02,0.0,0.0
2022-01-13,201.92,17574.28,0.0,17574.28,7574.28,0.0,0.0
2022-01-14,201.92,17682.38,0.0,17682.38,7682.38,0.0,0.0
2022-01-18,201.92,17247.22,0.0,17247.22,7247.22,0.0,0.0
2022-01-19,201.92,17060.0,0.0,17060.0,7060.0,0.0,0.0
2022-01-20,201.92,16841.04,0.0,16841.04,6841.04,0.0,0.0
2022-01-21,201.92,16379.66,0.0,16379.66,6379.66,0.0,0.0
2022-01-24,201.92,16453.72,0.0,16453.72,6453.72,0.0,0.0
2022-01-25,2.88,16186.14,0.0,16186.14,6186.14,0.0,0.0
2022-01-26,2.88,16212.2,0.0,16212.2,6212.2,0.0,0.0
2022-01-27,2.88,16355.53,0.0,16355.53,6355.53,0.0,0.0
2022-01-28,2.88,15834.33,0.0,15834.33,5834.33,0.0,0.0
2022-01-31,2.88,15339.19,0.0,15339.19,5339.19,0.0,0.0
2022-02-01,2.88,15247.98,0.0,15247.98,5247.98,0.0,0.0
2022-02-02,114.6,15222.69,0.0,15222.69,5222.69,0.0,0.0
2022-02-03,114.6,14610.15,0.0,14610.15,4610.15,0.0,0.0
2022-02-04,114.6,14793.01,0.0,14793.01,4793.01,0.0,0.0
2022-02-07,114.6,14674.93,0.0,14674.93,4674.93,0.0,0.0
2022-02-08,114.6,14838.52,0.0,14838.52,4838.52,0.0,0.0
2022-02-09,114.6,15150.53,0.0,15150.53,5150.53,0.0,0.0
2022-02-10,114.6,14810.23,0.0,14810.23,4810.23,0.0,0.0
2022-02-11,114.6,14344.06,0.0,14344.06,4344.06,0.0,0.0
2022-02-14,114.6,14361.69,0.0,14361.69,4361.69,0.0,0.0
2022-02-15,556.98,14538.94,0.0,14538.94,4538.94,0.0,0.0
2022-02-16,556.98,14550.66,0.0,14550.66,4550.66,0.0,0.0
2022-02-17,556.98,14960.86,0.0,14960.86,4960.86,0.0,0.0
2022-02-18,556.98,15136.66,0.0,15136.66,5136.66,0.0,0.0
2022-02-22,556.98,15289.02,0.0,15289.02,5289.02,0.0,0.0
2022-02-23,556.98,15652.34,0.0,15652.34,5652.34,0.0,0.0
2022-02-24,556.98,15148.38,0.0,15148.38,5148.38,0.0,0.0
2022-02-25,556.98,14913.98,0.0,14913.98,4913.98,0.0,0.0
2022-02-28,556.98,14867.1,0.0,14867.1,4867.1,0.0,0.0
2022-03-01,556.98,15101.5,0.0,15101.5,5101.5,0.0,0.0
2022-03-02,12.54,14960.19,0.0,14960.19,4960.19,0.0,0.0
2022-03-03,1.22,15104.82,0.0,15104.82,5104.82,0.0,0.0
2022-03-04,410.54,15251.74,0.0,15251.74,5251.74,0.0,0.0
2022-03-07,7.64,15293.12,0.0,15293.12,5293.12,0.0,0.0
2022-03-08,7.64,15363.56,0.0,15363.56,5363.56,0.0,0.0
2022-03-09,7.64,14788.3,0.0,14788.3,4788.3,0.0,0.0
2022-03-10,7.64,14964.4,0.0,14964.4,4964.4,0.0,0.0
2022-03-11,7.64,15281.38,0.0,15281.38,5281.38,0.0,0.0
2022-03-14,7.64,15574.88,0.0,15574.88,5574.88,0.0,0.0
2022-03-15,7.64,15081.8,0.0,15081.8,5081.8,0.0,0.0
2022-03-16,7.64,14506.54,0.0,14506.54,4506.54,0.0,0.0
2022-03-17,7.64,14353.92,0.0,14353.92,4353.92,0.0,0.0
2022-03-18,34.79,14445.88,0.0,14445.88,4445.88,0.0,0.0
2022-03-21,34.79,14388.07,0.0,14388.07,4388.07,0.0,0.0
2022-03-22,34.79,14670.15,0.0,14670.15,4670.15,0.0,0.0
2022-03-23,34.79,14459.82,0.0,14459.82,4459.82,0.0,0.0
2022-03-24,34.79,14780.44,0.0,14780.44,4780.44,0.0,0.0
2022-03-25,34.79,14768.14,0.0,14768.14,4768.14,0.0,0.0
2022-03-28,34.79,14996.1,0.0,14996.1,4996.1,0.0,0.0
2022-03-29,34.79,15253.58,0.0,15253.58,5253.58,0.0,0.0
2022-03-30,34.79,15085.48,0.0,15085.48,5085.48,0.0,0.0
2022-03-31,34.79,14898.93,0.0,14898.93,4898.93,0.0,0.0
2022-04-01,34.79,14870.64,0.0,14870.64,4870.64,0.0,0.0
2022-04-04,34.79,15176.09,0.0,15176.09,5176.09,0.0,0.0
2022-04-05,34.79,14839.89,0.0,14839.89,4839.89,0.0,0.0
2022-04-06,34.79,14518.45,0.0,14518.45,4518.45,0.0,0.0
2022-04-07,34.79,14552.89,0.0,14552.89,4552.89,0.0,0.0
2022-04-08,5.9,14501.81,0.0,14501.81,4501.81,0.0,0.0
2022-04-11,5.9,14840.33,0.0,14840.33,4840.33,0.0,0.0
2022-04-12,5.9,14876.6,0.0,14876.6,4876.6,0.0,0.0
2022-04-13,5.9,14598.53,0.0,14598.53,4598.53,0.0,0.0
2022-04-14,5.9,14924.96,0.0,14924.96,4924.96,0.0,0.0
2022-04-18,5.9,14900.78,0.0,14900.78,4900.78,0.0,0.0
2022-04-19,5.9,14574.35,0.0,14574.35,4574.35,0.0,0.0
2022-04-20,5.9,14804.06,0.0,14804.06,4804.06,0.0,0.0
2022-04-21,5.9,15094.22,0.0,15094.22,5094.22,0.0,0.0
2022-04-22,5.9,15493.19,0.0,15493.19,5493.19,0.0,0.0
2022-04-25,5.9,15275.57,0.0,15275.57,5275.57,0.0,0.0
2022-04-26,5.9,15867.98,0.0,15867.98,5867.98,0.0,0.0
2022-04-27,5.9,15880.07,0.0,15880.07,5880.07,0.0,0.0
2022-04-28,5.9,15336.02,0.0,15336.02,5336.02,0.0,0.0
2022-04-29,5.9,16025.15,0.0,16025.15,6025.15,0.0,0.0
2022-05-02,5.9,15734.99,0.0,15734.99,5734.99,0.0,0.0
2022-05-03,5.9,15722.9,0.0,15722.9,5722.9,0.0,0.0
2022-05-04,5.9,15190.94,0.0,15190.94,5190.94,0.0,0.0
2022-05-05,5.9,15952.61,0.0,15952.61,5952.61,0.0,0.0
2022-05-06,5.9,16133.96,0.0,16133.96,6133.96,0.0,0.0
2022-05-09,5.9,16786.82,0.0,16786.82,6786.82,0.0,0.0
2022-05-10,5.9,16569.2,0.0,16569.2,6569.2,0.0,0.0
2022-05-11,5.9,17076.98,0.0,17076.98,7076.98,0.0,0.0
2022-05-12,5.9,17113.25,0.0,17113.25,7113.25,0.0,0.0
2022-05-13,5.9,16484.57,0.0,16484.57,6484.57,0.0,0.0
2022-05-16,5.9,16665.92,0.0,16665.92,6665.92,0.0,0.0
2022-05-17,5.9,16230.68,0.0,16230.68,6230.68,0.0,0.0
2022-05-18,5.9,17028.62,0.0,17028.62,7028.62,0.0,0.0
2022-05-19,5.9,17125.34,0.0,17125.34,7125.34,0.0,0.0
2022-05-20,5.9,17185.79,0.0,17185.79,7185.79,0.0,0.0
2022-05-23,5.9,16907.72,0.0,16907.72,6907.72,0.0,0.0
2022-05-24,5.9,17258.33,0.0,17258.33,7258.33,0.0,0.0
2022-05-25,20.14,17125.34,0.0,17125.34,7125.34,0.0,0.0
2022-05-26,20.14,17129.44,0.0,17129.44,7129.44,0.0,0.0
2022-05-27,20.14,17133.54,0.0,17133.54,7133.54,0.0,0.0
2022-05-31,176.24,17131.64,0.0,17131.64,7131.64,0.0,0.0
2022-06-01,176.24,17006.24,0.0,17006.24,7006.24,0.0,0.0
2022-06-02,176.24,17467.14,0.0,17467.14,7467.14,0.0,0.0
2022-06-03,176.24,17017.24,0.0,17017.24,7017.24,0.0,0.0
2022-06-06,176.24,17073.34,0.0,17073.34,7073.34,0.0,0.0
2022-06-07,176.24,17219.09,0.0,17219.09,7219.09,0.0,0.0
2022-06-08,176.24,17096.44,0.0,17096.44,7096.44,0.0,0.0
2022-06-09,176.24,16643.24,0.0,16643.24,6643.24,0.0,0.0
2022-06-10,176.24,16062.44,0.0,16062.44,6062.44,0.0,0.0
2022-06-13,7.31,15638.15,0.0,15638.15,5638.15,0.0,0.0
2022-06-14,7.31,15595.79,0.0,15595.79,5595.79,0.0,0.0
2022-06-15,7.31,15214.55,0.0,15214.55,5214.55,0.0,0.0
2022-06-16,7.31,15828.77,0.0,15828.77,5828.77,0.0,0.0
2022-06-17,7.31,15638.15,0.0,15638.15,5638.15,0.0,0.0
2022-06-21,7.31,15256.91,0.0,15256.91,5256.91,0.0,0.0
2022-06-22,7.31,15267.5,0.0,15267.5,5267.5,0.0,0.0
2022-06-23,7.31,15034.52,0.0,15034.52,5034.52,0.0,0.0
2022-06-24,7.31,14515.61,0.0,14515.61,4515.61,0.0,0.0
2022-06-27,111.72,14557.97,0.0,14557.97,4557.97,0.0,0.0
2022-06-28,365.47,14258.93,0.0,14258.93,4258.93,0.0,0.0
2022-06-29,365.47,14271.67,0.0,14271.67,4271.67,0.0,0.0
2022-06-30,9.36,14049.36,0.0,14049.36,4049.36,0.0,0.0
2022-07-01,9.36,13971.36,0.0,13971.36,3971.36,0.0,0.0
2022-07-05,42.15,13977.75,0.0,13977.75,3977.75,0.0,0.0
2022-07-06,42.15,13939.11,0.0,13939.11,3939.11,0.0,0.0
2022-07-07,175.22,14039.28,0.0,14039.28,4039.28,0.0,0.0
2022-07-08,175.22,14056.67,0.0,14056.67,4056.67,0.0,0.0
2022-07-11,175.22,13760.1,0.0,13760.1,3760.1,0.0,0.0
2022-07-12,175.22,13628.5,0.0,13628.5,3628.5,0.0,0.0
2022-07-13,175.22,13600.77,0.0,13600.77,3600.77,0.0,0.0
2022-07-14,13.4,13356.34,0.0,13356.34,3356.34,0.0,0.0
2022-07-15,13.4,13119.09,0.0,13119.09,3119.09,0.0,0.0
2022-07-18,244.19,12977.79,0.0,12977.79,2977.79,0.0,0.0
2022-07-19,244.19,13369.39,0.0,13369.39,3369.39,0.0,0.0
2022-07-20,244.19,13577.51,0.0,13577.51,3577.51,0.0,0.0
2022-07-21,244.19,13768.91,0.0,13768.91,3768.91,0.0,0.0
2022-07-22,244.19,13531.75,0.0,13531.75,3531.75,0.0,0.0
2022-07-25,244.19,13456.07,0.0,13456.07,3456.07,0.0,0.0
2022-07-26,244.19,13196.47,0.0,13196.47,3196.47,0.0,0.0
2022-07-27,244.19,13743.83,0.0,13743.83,3743.83,0.0,0.0
2022-07-28,244.19,13875.83,0.0,13875.83,3875.83,0.0,0.0
2022-07-29,244.19,14124.43,0.0,14124.43,4124.43,0.0,0.0
2022-08-01,244.19,14116.07,0.0,14116.07,4116.07,0.0,0.0
2022-08-02,244.19,14074.71,0.0,14074.71,4074.71,0.0,0.0
2022-08-03,244.19,14451.35,0.0,14451.35,4451.35,0.0,0.0
2022-08-04,244.19,14517.79,0.0,14517.79,4517.79,0.0,0.0
2022-08-05,244.19,14401.19,0.0,14401.19,4401.19,0.0,0.0
2022-08-08,244.19,14355.43,0.0,14355.43,4355.43,0.0,0.0
2022-08-09,244.19,14195.71,0.0,14195.71,4195.71,0.0,0.0
2022-08-10,244.19,14585.11,0.0,14585.11,4585.11,0.0,0.0
2022-08-11,244.19,14503.71,0.0,14503.71,4503.71,0.0,0.0
2022-08-12,244.19,14781.35,0.0,14781.35,4781.35,0.0,0.0
2022-08-15,244.19,14898.83,0.0,14898.83,4898.83,0.0,0.0
2022-08-16,244.19,14864.51,0.0,14864.51,4864.51,0.0,0.0
2022-08-17,244.19,14697.75,0.0,14697.75,4697.75,0.0,0.0
2022-08-18,244.19,14732.51,0.0,14732.51,4732.51,0.0,0.0
2022-08-19,244.19,14450.03,0.0,14450.03,4450.03,0.0,0.0
2022-08-22,244.19,14076.03,0.0,14076.03,4076.03,0.0,0.0
2022-08-23,71.75,14155.31,0.0,14155.31,4155.31,0.0,0.0
2022-08-24,71.75,14111.23,0.0,14111.23,4111.23,0.0,0.0
2022-08-25,71.75,13868.79,0.0,13868.79,3868.79,0.0,0.0
2022-08-26,71.75,14430.81,0.0,14430.81,4430.81,0.0,0.0
2022-08-29,71.75,14574.07,0.0,14574.07,4574.07,0.0,0.0
2022-08-30,71.75,14739.37,0.0,14739.37,4739.37,0.0,0.0
2022-08-31,71.75,14816.51,0.0,14816.51,4816.51,0.0,0.0
2022-09-01,71.75,14816.51,0.0,14816.51,4816.51,0.0,0.0
2022-09-02,71.75,15025.89,0.0,15025.89,5025.89,0.0,0.0
2022-09-06,71.75,15136.09,0.0,15136.09,5136.09,0.0,0.0
2022-09-07,71.75,14849.57,0.0,14849.57,4849.57,0.0,0.0
2022-09-08,71.75,14772.43,0.0,14772.43,4772.43,0.0,0.0
2022-09-09,71.75,14452.85,0.0,14452.85,4452.85,0.0,0.0
2022-09-12,71.75,14287.55,0.0,14287.55,4287.55,0.0,0.0
2022-09-13,71.75,15058.95,0.0,15058.95,5058.95,0.0,0.0
2022-09-14,71.75,14937.73,0.0,14937.73,4937.73,0.0,0.0
2022-09-15,71.75,15191.19,0.0,15191.19,5191.19,0.0,0.0
2022-09-16,71.75,15290.37,0.0,15290.37,5290.37,0.0,0.0
2022-09-19,71.75,15180.17,0.0,15180.17,5180.17,0.0,0.0
2022-09-20,71.75,15301.39,0.0,15301.39,5301.39,0.0,0.0
2022-09-21,71.75,15565.87,0.0,15565.87,5565.87,0.0,0.0
2022-09-22,71.75,15764.23,0.0,15764.23,5764.23,0.0,0.0
2022-09-23,71.75,16017.69,0.0,16017.69,6017.69,0.0,0.0
2022-09-26,71.75,16105.85,0.0,16105.85,6105.85,0.0,0.0
2022-09-27,71.75,16083.81,0.0,16083.81,6083.81,0.0,0.0
2022-09-28,71.75,15775.25,0.0,15775.25,5775.25,0.0,0.0
2022-09-29,71.75,16205.03,0.0,16205.03,6205.03,0.0,0.0
2022-09-30,71.75,16513.59,0.0,16513.59,6513.59,0.0,0.0
2022-10-03,71.75,16116.87,0.0,16116.87,6116.87,0.0,0.0
2022-10-04,71.75,15620.97,0.0,15620.97,5620.97,0.0,0.0
2022-10-05,71.75,15631.99,0.0,15631.99,5631.99,0.0,0.0
2022-10-06,71.75,15764.23,0.0,15764.23,5764.23,0.0,0.0
2022-10-07,71.75,16359.31,0.0,16359.31,6359.31,0.0,0.0
2022-10-10,71.75,16535.63,0.0,16535.63,6535.63,0.0,0.0
2022-10-11,71.75,16733.99,0.0,16733.99,6733.99,0.0,0.0
2022-10-12,71.75,16756.03,0.0,16756.03,6756.03,0.0,0.0
2022-10-13,71.75,16370.33,0.0,16370.33,6370.33,0.0,0.0
2022-10-14,71.75,16877.25,0.0,16877.25,6877.25,0.0,0.0
2022-10-17,71.75,16293.19,0.0,16293.19,6293.19,0.0,0.0
2022-10-18,71.75,16149.93,0.0,16149.93,6149.93,0.0,0.0
2022-10-19,234.13,16193.04,0.0,16193.04,6193.04,0.0,0.0
2022-10-20,108.66,16377.91,0.0,16377.91,6377.91,0.0,0.0
2022-10-21,108.66,15991.86,0.0,15991.86,5991.86,0.0,0.0
2022-10-24,108.66,15826.41,0.0,15826.41,5826.41,0.0,0.0
2022-10-25,159.12,15790.67,0.0,15790.67,5790.67,0.0,0.0
2022-10-26,159.12,15445.27,0.0,15445.27,5445.27,0.0,0.0
2022-10-27,159.12,15166.97,0.0,15166.97,5166.97,0.0,0.0
2022-10-28,159.12,15626.22,0.0,15626.22,5626.22,0.0,0.0
2022-10-31,54.42,15444.42,0.0,15444.42,5444.42,0.0,0.0
2022-11-01,109.62,15240.67,0.0,15240.67,5240.67,0.0,0.0
2022-11-02,109.62,14722.02,0.0,14722.02,4722.02,0.0,0.0
2022-11-03,109.62,14436.57,0.0,14436.57,4436.57,0.0,0.0
2022-11-04,273.88,14451.94,0.0,14451.94,4451.94,0.0,0.0
2022-11-07,273.88,14309.59,0.0,14309.59,4309.59,0.0,0.0
2022-11-08,273.88,14214.69,0.0,14214.69,4214.69,0.0,0.0
2022-11-09,273.88,14546.84,0.0,14546.84,4546.84,0.0,0.0
2022-11-10,273.88,13493.45,0.0,13493.45,3493.45,0.0,0.0
2022-11-11,282.74,13528.9,0.0,13528.9,3528.9,0.0,0.0
2022-11-14,282.74,13412.98,0.0,13412.98,3412.98,0.0,0.0
2022-11-15,282.74,13594.68,0.0,13594.68,3594.68,0.0,0.0
2022-11-16,282.74,13412.98,0.0,13412.98,3412.98,0.0,0.0
2022-11-17,282.74,13384.0,0.0,13384.0,3384.0,0.0,0.0
2022-11-18,282.74,13384.46,0.0,13384.46,3384.46,0.0,0.0
2022-11-21,282.74,13249.68,0.0,13249.68,3249.68,0.0,0.0
2022-11-22,282.74,13436.44,0.0,13436.44,3436.44,0.0,0.0
2022-11-23,282.74,13568.46,0.0,13568.46,3568.46,0.0,0.0
2022-11-25,282.74,13481.06,0.0,13481.06,3481.06,0.0,0.0
2022-11-28,282.74,13287.4,0.0,13287.4,3287.4,0.0,0.0
2022-11-29,282.74,13188.96,0.0,13188.96,3188.96,0.0,0.0
2022-11-30,282.74,13777.3,0.0,13777.3,3777.3,0.0,0.0
2022-12-01,282.74,13793.86,0.0,13793.86,3793.86,0.0,0.0
2022-12-02,282.74,13740.04,0.0,13740.04,3740.04,0.0,0.0
2022-12-05,282.74,13514.18,0.0,13514.18,3514.18,0.0,0.0
2022-12-06,282.74,13240.02,0.0,13240.02,3240.02,0.0,0.0
2022-12-07,282.74,13187.12,0.0,13187.12,3187.12,0.0,0.0
2022-12-08,167.28,13266.24,0.0,13266.24,3266.24,0.0,0.0
2022-12-09,167.28,13259.8,0.0,13259.8,3259.8,0.0,0.0
2022-12-12,167.28,13251.75,0.0,13251.75,3251.75,0.0,0.0
2022-12-13,167.28,13290.39,0.0,13290.39,3290.39,0.0,0.0
2022-12-14,77.81,13257.27,0.0,13257.27,3257.27,0.0,0.0
2022-12-15,77.81,12814.75,0.0,12814.75,2814.75,0.0,0.0
2022-12-16,6.07,12772.11,0.0,12772.11,2772.11,0.0,0.0
2022-12-19,6.07,12949.91,0.0,12949.91,2949.91,0.0,0.0
2022-12-20,6.07,12967.69,0.0,12967.69,2967.69,0.0,0.0
2022-12-21,6.07,12789.89,0.0,12789.89,2789.89,0.0,0.0
2022-12-22,6.07,13056.59,0.0,13056.59,3056.59,0.0,0.0
2022-12-23,6.07,13038.81,0.0,13038.81,3038.81,0.0,0.0
2022-12-27,6.07,13225.5,0.0,13225.5,3225.5,0.0,0.0
2022-12-28,6.07,13412.19,0.0,13412.19,3412.19,0.0,0.0
2022-12-29,6.07,13074.37,0.0,13074.37,3074.37,0.0,0.0
2022-12-30,6.07,13092.15,0.0,13092.15,3092.15,0.0,0.0
