date,mva_qld_simple_20,mva_jesse_20,mva_old_tech_20
2020-01-02,,,
2020-01-03,,,
2020-01-06,,,
2020-01-07,,,
2020-01-08,,,
2020-01-09,,,
2020-01-10,,,
2020-01-13,,,
2020-01-14,,,
2020-01-15,,,
2020-01-16,,,
2020-01-17,,,
2020-01-21,,,
2020-01-22,,,
2020-01-23,,,
2020-01-24,,,
2020-01-27,,,
2020-01-28,,,
2020-01-29,,,
2020-01-30,,,
2020-01-31,0.3310271195257291,0.3371323718292933,0.3318405086449776
2020-02-03,0.335372266735315,0.3315632432541769,0.33306449001050803
2020-02-04,0.3320207797748242,0.3324216232217634,0.3355575970034124
2020-02-05,0.32909274239565517,0.33167238875674027,0.33923486884760456
2020-02-06,0.3286485245999745,0.33285086533749125,0.33850061006253407
2020-02-07,0.3312862566105513,0.32867959925753737,0.3400341441319114
2020-02-10,0.33318127939016995,0.31669430226208073,0.35012441834774943
2020-02-11,0.33175247246902695,0.319112303187726,0.34913522434324706
2020-02-12,0.3331419867453945,0.3158070333806515,0.3510509798739539
2020-02-13,0.3340934230010092,0.3153771223177931,0.3505294546811978
2020-02-14,0.3382813677069972,0.3116922628249372,0.35002636946806553
2020-02-18,0.3373695450165663,0.315193657842444,0.34743679714098974
2020-02-19,0.3362910443466966,0.3172059026744218,0.3465030529788816
2020-02-20,0.3341864611037561,0.32370188199527583,0.342111656900968
2020-02-21,0.3379872681239581,0.3275888185821247,0.3344239132939174
2020-02-24,0.34055342462952665,0.3247399976002519,0.3347065777702215
2020-02-25,0.3411333645896426,0.31745014590538284,0.34141648950497455
2020-02-26,0.3467035058261136,0.31615915053310495,0.33713734364078146
2020-02-27,0.33954641543551556,0.3266159639934473,0.3338376205710373
2020-02-28,0.33920362280030797,0.3222803440259139,0.33851603317377815
2020-03-02,0.33598166315082073,0.32183802403291467,0.34218031281626454
2020-03-03,0.34398665592296507,0.3242603561932479,0.331752987883787
2020-03-04,0.33901902183269983,0.3250019804544784,0.3359789977128218
2020-03-05,0.3472875301928766,0.31867784061988286,0.3340346291872407
2020-03-06,0.34807830428374864,0.3158997953289035,0.33602190038734775
2020-03-09,0.36731999350588235,0.2996374765234,0.33304252997071754
2020-03-10,0.34480038340848507,0.3244417210057583,0.33075789558575663
2020-03-11,0.3703300376083862,0.30394006296400666,0.32572989942760705
2020-03-12,0.4333866341513489,0.2751164062988213,0.29149695954982985
2020-03-13,0.364365318307125,0.2975790144349502,0.33805566725792474
2020-03-16,0.47449604020479624,0.2344389135414003,0.29106504625380336
2020-03-17,0.4561238457034654,0.20707621937827955,0.3367999349182551
2020-03-18,0.5282491671475363,0.15931355796296678,0.3124372748894969
2020-03-19,0.46862570283742017,0.23653186580311503,0.2948424313594649
2020-03-20,0.4836006206623037,0.20377228377180234,0.3126270955658939
2020-03-23,0.48216111557590285,0.18131627881738788,0.33652260560670927
2020-03-24,0.4081607008524725,0.25668500188452076,0.3351542972630066
2020-03-25,0.38917448236725444,0.28752009600443595,0.3233054216283095
2020-03-26,0.3694845201207717,0.2820042067266496,0.3485112731525788
2020-03-27,0.38242127500646955,0.2911800265629494,0.32639869843058095
2020-03-30,0.3783934199790385,0.28219207444797,0.3394145055729914
2020-03-31,0.3639621081194028,0.3014060909319111,0.33463180094868605
2020-04-01,0.3960994164391673,0.2857747596864433,0.3181258238743895
2020-04-02,0.39218492264715005,0.2882631907919256,0.3195518865609244
2020-04-03,0.3955522107494325,0.2892586260987514,0.3151891631518161
2020-04-06,0.34559267800252014,0.3230694639700174,0.3313378580274625
2020-04-07,0.35919436239498914,0.31858322899281083,0.3222224086122001
2020-04-08,0.33947529767807205,0.3340187268398612,0.32650597548206683
2020-04-09,0.3040456255200444,0.3598581076481037,0.33609626683185195
2020-04-13,0.3367566523904328,0.34534637070906454,0.31789697690050256
2020-04-14,0.2904019085733662,0.3647588814692316,0.3448392099574022
2020-04-15,0.30095444971570445,0.37526299102355243,0.32378255926074306
2020-04-16,0.28792932493686857,0.3737581170208874,0.33831255804224397
2020-04-17,0.2963181694010005,0.35680854639338117,0.3468732842056183
2020-04-20,0.28847079394375985,0.36903492060700593,0.3424942854492341
2020-04-21,0.28308728449988124,0.3909432832454265,0.32596943225469227
2020-04-22,0.3100214237961852,0.361768400193178,0.3282101760106368
2020-04-23,0.3156483881634456,0.34853158886697405,0.3358200229695804
2020-04-24,0.33141926019978624,0.3462595465432738,0.32232119325694003
2020-04-27,0.3185518230751369,0.34927113589155856,0.3321770410333045
2020-04-28,0.31592573970948373,0.36289946434245857,0.3211747959480577
2020-04-29,0.3150173177675924,0.35849957033961066,0.32648311189279694
2020-04-30,0.30653383957662894,0.3661034261611848,0.3273627342621863
2020-05-01,0.31031780434062917,0.36421308165297456,0.3254691140063964
2020-05-04,0.30751732925545106,0.36162449287694903,0.3308581778676
2020-05-05,0.3284454897555486,0.3506810360269847,0.3208734742174667
2020-05-06,0.3345708857757214,0.34119755697453413,0.32423155724974456
2020-05-07,0.3408213070006672,0.3367593393561397,0.32241935364319296
2020-05-08,0.34071508947929613,0.33623891149740603,0.32304599902329795
2020-05-11,0.33729007305228964,0.3465733382030958,0.3161365887446146
2020-05-12,0.33641238202101986,0.35577095072235365,0.30781666725662654
2020-05-13,0.3374865082725047,0.35376263486227405,0.30875085686522125
2020-05-14,0.33305080700393347,0.36070224934820366,0.3062469436478628
2020-05-15,0.3428527459363081,0.35015769004127256,0.3069895640224194
2020-05-18,0.33163615743511093,0.35826437053793264,0.3100994720269564
2020-05-19,0.32737269600221386,0.35401330448400603,0.31861399951378017
2020-05-20,0.3249885043856298,0.36249660279970736,0.3125148928146629
2020-05-21,0.32530114266199417,0.36359564903826447,0.31110320829974136
2020-05-22,0.3235704803775517,0.366796029484079,0.30963349013836944
2020-05-26,0.32352304415372724,0.3658154907321349,0.31066146511413795
2020-05-27,0.32493652338452006,0.3676475195169924,0.3074159570984875
2020-05-28,0.3305535551791983,0.3674870790545477,0.30195936576625393
2020-05-29,0.3262473819641591,0.365666558519085,0.30808605951675594
2020-06-01,0.317869163472049,0.37266640987338184,0.3094644266545692
2020-06-02,0.3153896612892274,0.37734789429496035,0.3072624444158123
2020-06-03,0.30911701241784256,0.3804874460371859,0.3103955415449716
2020-06-04,0.3012420298205477,0.3877889223310771,0.3109690478483752
2020-06-05,0.2997292424599627,0.385102787253391,0.31516797028664634
2020-06-08,0.3046466322781898,0.37445918802764067,0.3208941796941696
2020-06-09,0.30797549595660095,0.37253579212845933,0.31948871191493977
2020-06-10,0.3112509026098226,0.369777839948265,0.3189712574419124
2020-06-11,0.31107454119471856,0.3727353217761674,0.3161901370291139
2020-06-12,0.30747197017889605,0.37829377338611375,0.3142342564349903
2020-06-15,0.30688408226619357,0.3754407807436655,0.317675136990141
2020-06-16,0.31290270975059753,0.36663278118816484,0.32046450906123763
2020-06-17,0.31818287549717084,0.36235641351940223,0.31946071098342693
2020-06-18,0.31969014043560723,0.3584754698618068,0.32183438970258604
2020-06-19,0.3222093446835482,0.3521800173731837,0.32561063794326794
2020-06-22,0.32392143948785346,0.3488283831879412,0.3272501773242053
2020-06-23,0.3287821799423475,0.34559618624308686,0.32562163381456566
2020-06-24,0.33707357922104914,0.3362806517431797,0.3266457690357711
2020-06-25,0.333905462023555,0.3273850069052227,0.33870953107122237
2020-06-26,0.33268031042016805,0.33040395679646345,0.3369157327833685
2020-06-29,0.3325248453169878,0.3289098006222521,0.33856535406076
2020-06-30,0.3298601314517918,0.330747396722247,0.33939247182596116
2020-07-01,0.34107563433926036,0.3246371526258465,0.33428721303489317
2020-07-02,0.3458602807154595,0.3184238301079553,0.33571588917658524
2020-07-06,0.3483496779553467,0.31847983056924284,0.3331704914754105
2020-07-07,0.35704822056804775,0.31180951096308585,0.3311422684688664
2020-07-08,0.35439629313505316,0.3089673690904759,0.33663633777447094
2020-07-09,0.3549638057680813,0.30133293783438764,0.3437032563975311
2020-07-10,0.3467664777066316,0.30897940257495343,0.344254119718415
2020-07-13,0.34666198641248436,0.31451114986850354,0.3388268637190121
2020-07-14,0.34512053494704736,0.31508564643946535,0.3397938186134873
2020-07-15,0.3437917016621762,0.3226206059951986,0.33358769234262525
2020-07-16,0.341344324501615,0.3255030429658609,0.33315263253252414
2020-07-17,0.3380951928685034,0.330331715507091,0.3315730916244056
2020-07-20,0.3426007639649997,0.3250370293986786,0.3323622066363216
2020-07-21,0.3371409297202404,0.3335101448894515,0.3293489253903081
2020-07-22,0.33543775582038643,0.3298906397635594,0.33467160441605415
2020-07-23,0.3274146281895728,0.3317286810973446,0.34085669071308267
2020-07-24,0.3274445851993268,0.3351344885193287,0.33742092628134446
2020-07-27,0.33164390972253616,0.3260115403465474,0.3423445499309164
2020-07-28,0.3334940342565738,0.32686668516916434,0.33963928057426196
2020-07-29,0.3350306532384813,0.327012812070783,0.33795653469073583
2020-07-30,0.3326782358893434,0.324588016835077,0.3427337472755795
2020-07-31,0.3374098780441758,0.3254167923964392,0.337173329559385
2020-08-03,0.3364631254823323,0.3274991202896992,0.3360377542279685
2020-08-04,0.32993101121275825,0.33176801874249673,0.3383009700447451
2020-08-05,0.32802476646233364,0.3333234721065007,0.33865176143116577
2020-08-06,0.32802679677300833,0.3409670329654875,0.3310061702615042
2020-08-07,0.32506004460813254,0.3422237748432523,0.3327161805486152
2020-08-10,0.3248886877143526,0.34116324914439655,0.333948063141251
2020-08-11,0.3200065958538088,0.35082616810926637,0.32916723603692477
2020-08-12,0.3247009012282487,0.34512629519631943,0.3301728035754318
2020-08-13,0.32428881904022683,0.3477109823841616,0.3280001985756115
2020-08-14,0.3262589499605263,0.34650535036294855,0.32723569967652516
2020-08-17,0.32024959984599005,0.35675115761509235,0.3229992425389177
2020-08-18,0.32648271504438703,0.3524908531871331,0.32102643176847984
2020-08-19,0.32562327361419974,0.3553282187579284,0.3190485076278718
2020-08-20,0.33669630636790226,0.3492614166647242,0.3140422769673736
2020-08-21,0.3401819434481218,0.34685412759397827,0.31296392895789993
2020-08-24,0.33520133963273063,0.3536873467551969,0.31111131361207245
2020-08-25,0.33538732333212257,0.3515006149637161,0.3131120617041614
2020-08-26,0.34506160619192,0.34398209242004935,0.3109563013880306
2020-08-27,0.34448309075044753,0.3488162349494373,0.30670067430011516
2020-08-28,0.3343456779584685,0.3511748812670923,0.3144794407744392
2020-08-31,0.33838811322798157,0.3486746601971248,0.3129372265748936
2020-09-01,0.34165140012797235,0.3434153251954853,0.3149332746765423
2020-09-02,0.3369602313474099,0.3473127238405139,0.3157270448120762
2020-09-03,0.3317341707723203,0.3550321139897219,0.3132337152379577
2020-09-04,0.3346356694269901,0.35547579365676524,0.3098885369162447
2020-09-08,0.3374708202673007,0.34903044174960557,0.31349873798309374
2020-09-09,0.3452339625029695,0.33863381129862263,0.3161322261984078
2020-09-10,0.3444607848122726,0.3396709225427481,0.31586829264497934
2020-09-11,0.34415061044352285,0.3371246522213181,0.3187247373351591
2020-09-14,0.3426224465156946,0.33796159486533495,0.31941595861897043
2020-09-15,0.3445698713465928,0.33448735332757873,0.32094277532582854
2020-09-16,0.3368794417319529,0.33481625896177347,0.3283042993062736
2020-09-17,0.3349598487857283,0.33466643248413924,0.3303737187301325
2020-09-18,0.32774303434657287,0.340779270796926,0.33147769485650114
2020-09-21,0.32549998679575726,0.34317414569696075,0.33132586750728193
2020-09-22,0.3306420289969296,0.343291156702886,0.32606681430018436
2020-09-23,0.32658214345255,0.3482911276412613,0.32512672890618854
2020-09-24,0.31892034629726623,0.35255468602202605,0.3285249676807077
2020-09-25,0.32118563886583607,0.3483898533956983,0.33042450773846577
2020-09-28,0.32774341712949956,0.343037885677497,0.32921869719300345
2020-09-29,0.3206976041869864,0.3463081026783209,0.33299429313469286
2020-09-30,0.320535559986376,0.3493851303110698,0.3300793097025543
2020-10-01,0.3261073470102461,0.3444814016417273,0.3294112513480266
2020-10-02,0.32427977991944246,0.3403740586435697,0.335346161436988
2020-10-05,0.3234870713794988,0.3383448288030692,0.33816809981743196
2020-10-06,0.3235889096358414,0.3389755296213861,0.3374355607427724
2020-10-07,0.31978135553514236,0.3420559403744491,0.3381627040904086
2020-10-08,0.31973556679126025,0.3402906604297396,0.33997377277900026
2020-10-09,0.3223668988192159,0.33827753943853395,0.3393555617422501
2020-10-12,0.326908270517475,0.3365860565811955,0.3365056729013295
2020-10-13,0.32530625093865156,0.3385204363477699,0.33617331271357853
2020-10-14,0.32859296565843343,0.34044720662548245,0.3309598277160841
2020-10-15,0.32948854527345744,0.340004446265151,0.3305070084613914
2020-10-16,0.32868222234827293,0.33675155866635287,0.3345662189853742
2020-10-19,0.3252705024975214,0.33620505830238145,0.3385244392000972
2020-10-20,0.32258266821541715,0.33988277094922037,0.33753456083536243
2020-10-21,0.32625933886952635,0.33816971941368323,0.3355709417167904
2020-10-22,0.3238427812410262,0.34049370988285493,0.33566350887611873
2020-10-23,0.3214898203383599,0.34212906394225895,0.33638111571938106
2020-10-26,0.3229828238443277,0.346850875259744,0.3301663008959282
2020-10-27,0.3270351907458811,0.35025502395221564,0.3227097853019032
2020-10-28,0.32239209187563905,0.3539255754148917,0.32368233270946933
2020-10-29,0.3181469209856378,0.3508210614301418,0.33103201758422046
2020-10-30,0.31634304573046756,0.3478840698092801,0.3357728844602524
2020-11-02,0.3140467054274469,0.3445032424410118,0.3414500521315413
2020-11-03,0.3162815987356771,0.34234570191714375,0.3413726993471791
2020-11-04,0.32634769528644497,0.33476874649838717,0.3388835582151678
2020-11-05,0.32975533245134653,0.3317993785462991,0.3384452890023543
2020-11-06,0.3282580062232645,0.3327675539495462,0.3389744398271893
2020-11-09,0.31327829746328045,0.3461631502090364,0.3405585523276832
2020-11-10,0.3072797049317125,0.3541383451358444,0.33858194993244306
2020-11-11,0.309471000624242,0.3520773812566941,0.338451618119064
2020-11-12,0.3118845849075987,0.350555259524329,0.3375601555680723
2020-11-13,0.31367066562503554,0.35020824582409316,0.3361210885508713
2020-11-16,0.3120750088478635,0.3499450093115744,0.3379799818405621
2020-11-17,0.3120574854112741,0.34564966905475153,0.3422928455339745
2020-11-18,0.31083902163759086,0.3438750983613824,0.3452858800010267
2020-11-19,0.3126335490454401,0.3430951114408572,0.3442713395137027
2020-11-20,0.3092267741016615,0.3475899537307345,0.3431832721676041
2020-11-23,0.3046955990846574,0.3468064862945144,0.34849791462082835
2020-11-24,0.3001090968249326,0.3481733678760217,0.3517175352990456
2020-11-25,0.3040225097482302,0.3460118117922147,0.3499656784595552
2020-11-27,0.30707348684324565,0.3494267548841684,0.34349975827258583
2020-11-30,0.3116602549031027,0.34702562673233317,0.34131411836456427
2020-12-01,0.31436883671883853,0.3475317229046831,0.3380994403764784
2020-12-02,0.31369268572632214,0.3470097133102364,0.33929760096344147
2020-12-03,0.30228408526030487,0.35180456215542794,0.34591135258426714
2020-12-04,0.294753272781213,0.35598852969867906,0.34925819752010795
2020-12-07,0.296539773851495,0.3558957443833584,0.34756448176514665
2020-12-08,0.30505961779451835,0.3471622376377488,0.3477781445677328
2020-12-09,0.30650150569179074,0.3445074286332298,0.34899106567497945
2020-12-10,0.3054049411386018,0.34495251590627835,0.34964254295511993
2020-12-11,0.30606566437476096,0.3424909636040684,0.35144337202117065
2020-12-14,0.307061835377631,0.3448844722911072,0.3480536923312618
2020-12-15,0.3105690765288482,0.3442399163850555,0.3451910070860964
2020-12-16,0.31120757312613045,0.34518634105552864,0.3436060858183409
2020-12-17,0.31127327198419114,0.3467188068704963,0.3420079211453125
2020-12-18,0.31142814949382036,0.345369860213245,0.3432019902929346
2020-12-21,0.31413269680288225,0.34145250652905,0.3444147966680678
2020-12-22,0.31936705404357696,0.33797189115734405,0.34266105479907893
2020-12-23,0.3195860514451163,0.33568671248538995,0.34472723606949374
2020-12-24,0.3188403830489575,0.33694503521122043,0.34421458173982217
2020-12-28,0.320327120084614,0.33813575401464474,0.3415371259007412
2020-12-29,0.3230029718291817,0.3413698464217324,0.33562718174908585
2020-12-30,0.320469896703829,0.3407087565546708,0.33882134674150005
2020-12-31,0.3224157107034083,0.33964234102576085,0.3379419482708309
2021-01-04,0.32436986867600004,0.34020886885227597,0.33542126247172416
2021-01-05,0.3281499114531785,0.33926641140598135,0.3325836771408402
2021-01-06,0.3208900232490981,0.33876971737224737,0.34034025937865453
2021-01-07,0.3228337709305129,0.3365640293336852,0.34060219973580197
2021-01-08,0.3275874576331581,0.3336921755150752,0.33872036685176665
2021-01-11,0.3226823023359009,0.3314956838266918,0.3458220138374073
2021-01-12,0.31901735154175714,0.33577249724334207,0.3452101512149008
2021-01-13,0.32067852674306035,0.33567889493382647,0.3436425783231132
2021-01-14,0.31697090430224995,0.33484593499713305,0.34818316070061706
2021-01-15,0.31573724420955646,0.34068592411204957,0.34357683167839403
2021-01-19,0.3150861764525028,0.33737064795413907,0.3475431755933582
2021-01-20,0.3185913135807665,0.3392230593188106,0.342185627100423
2021-01-21,0.32000663555902875,0.33868057249984146,0.34131279194112984
2021-01-22,0.31948035268048985,0.34341017244547534,0.3371094748740347
2021-01-25,0.3251220582249135,0.3404592204993735,0.3344187212757129
2021-01-26,0.326284075153686,0.34241699873384573,0.3312989261124683
2021-01-27,0.3247208466052196,0.34440900601046615,0.3308701473843142
2021-01-28,0.32283965454701197,0.3397183698539837,0.33744197559900424
2021-01-29,0.32501065994219347,0.34234839229521663,0.33264094776258996
2021-02-01,0.3252856968168899,0.34230955642110455,0.33240474676200554
2021-02-02,0.32662795712496073,0.34189046976005594,0.33148157311498333
2021-02-03,0.33041611818957767,0.34206694002014804,0.3275169417902744
2021-02-04,0.33440390009109316,0.3399256930480383,0.32567040686086857
2021-02-05,0.33276510796189457,0.3438985635589411,0.3233363284791643
2021-02-08,0.3280339888057631,0.34088104470579295,0.33108496648844404
2021-02-09,0.33228527247830286,0.3433568169753416,0.3243579105463556
2021-02-10,0.33459914977235733,0.34419355001291807,0.3212073002147246
2021-02-11,0.32901341385191224,0.3418683625273344,0.3291182236207534
2021-02-12,0.3309238316027265,0.34278321856990046,0.3262929498273731
2021-02-16,0.3311094844644725,0.3388215162009497,0.3300689993345777
2021-02-17,0.33330473731048416,0.34408642848408627,0.32260883420542946
2021-02-18,0.33174321414103325,0.342931425605802,0.3253253602531648
2021-02-19,0.3262666163574656,0.3436248332495893,0.33010855039294507
2021-02-22,0.3220891933471852,0.34451165348515356,0.3333991531676612
2021-02-23,0.31861710410148086,0.3460031753666027,0.3353797205319165
2021-02-24,0.3145325470320545,0.33805018501894585,0.3474172679489996
2021-02-25,0.3160776650067012,0.33724882920701144,0.34667350578628725
2021-02-26,0.3148006196059655,0.3408477458795827,0.3443516345144518
2021-03-01,0.315068247573386,0.3396418230889568,0.34528992933765723
2021-03-02,0.31313628636828283,0.3443352294567436,0.3425284841749735
2021-03-03,0.31188608029709225,0.34577784289919516,0.34233607680371253
2021-03-04,0.31544952390095504,0.3438624189527647,0.3406880571462803
2021-03-05,0.315050368768264,0.3451024480055816,0.33984718322615437
2021-03-08,0.316561333760295,0.3395918813046727,0.3438467849350323
2021-03-09,0.3192678654227739,0.3443473988566703,0.33638473572055577
2021-03-10,0.31973502870005227,0.3434402723134876,0.33682469898646
2021-03-11,0.3193170390826118,0.3465451965562788,0.3341377643611094
2021-03-12,0.32117839968892903,0.34963969414169327,0.3291819061693777
2021-03-15,0.32068288667099293,0.35111048839638703,0.3282066249326201
2021-03-16,0.32134081882862436,0.34474166838133274,0.33391751279004295
2021-03-17,0.31921500051621043,0.3432160865905804,0.33756891289320917
2021-03-18,0.31889076759985774,0.3414794491081743,0.33962978329196797
2021-03-19,0.321557230156895,0.346413030286278,0.33202973955682696
2021-03-22,0.32541159932785435,0.341404341067541,0.3331840596046046
2021-03-23,0.33203095980006164,0.33825649665524077,0.3297125435446975
2021-03-24,0.3326172127576249,0.342174188001056,0.32520859924131923
2021-03-25,0.32979146191619274,0.3403328471478957,0.3298756909359115
2021-03-26,0.3254976986497589,0.3400168961761171,0.3344854051741241
2021-03-29,0.32999610267771556,0.33741095137366045,0.332592945948624
2021-03-30,0.3273908044760207,0.33757478787391365,0.33503440765006576
2021-03-31,0.3271640099326623,0.3374878051014048,0.33534818496593277
2021-04-01,0.3208280779255841,0.33686061637569664,0.34231130569871926
2021-04-05,0.3235337168072931,0.3334593376220018,0.3430069455707052
2021-04-06,0.32271889259913206,0.3383832904608842,0.33889781693998383
2021-04-07,0.3251209279609298,0.3356533433270205,0.3392257287120497
2021-04-08,0.32463502275602013,0.33477566892763455,0.3405893083163453
2021-04-09,0.32779178988794994,0.32630328051515434,0.3459049295968958
2021-04-12,0.3313371513541822,0.3278369735259639,0.34082587511985385
2021-04-13,0.33780688636278206,0.3244855483138167,0.3377075653234012
2021-04-14,0.3348015530511768,0.33026234168251956,0.33493610526630363
2021-04-15,0.33785864652925196,0.32640293485689165,0.33573841861385634
2021-04-16,0.3365800554557567,0.3265547768077022,0.3368651677365411
2021-04-19,0.34100285015843546,0.3217895158111908,0.3372076340303738
2021-04-20,0.34353612026018293,0.32006545316840534,0.3363984265714117
2021-04-21,0.3328048657145926,0.32425990221698653,0.3429352320684208
2021-04-22,0.33237495255205307,0.33219405266966684,0.33543099477828003
2021-04-23,0.3316569602320105,0.33371005727234976,0.33463298249563983
2021-04-26,0.33350159220095255,0.33692094939164474,0.32957745840740266
2021-04-27,0.3284373475463699,0.34152286700777545,0.33003978544585466
2021-04-28,0.33159417875948083,0.33877272685078286,0.3296330943897364
2021-04-29,0.33652895439771796,0.34211425364982045,0.3213567919524617
2021-04-30,0.3403768364944949,0.3437213658019445,0.3159017977035606
2021-05-03,0.3381731087625001,0.35077314384470465,0.3110537473927952
2021-05-04,0.3397650574107139,0.34885560562481505,0.31137933696447095
2021-05-05,0.33726381329388877,0.34672009196746656,0.3160160947386446
2021-05-06,0.34103872183833306,0.34079801537677806,0.31816326278488877
2021-05-07,0.33772074179279393,0.3475220921470417,0.31475716606016435
2021-05-10,0.3367437957584134,0.3440987893582979,0.3191574148832888
2021-05-11,0.33292886108565495,0.3502710582811754,0.3168000806331696
2021-05-12,0.34289404156086695,0.34351056715946926,0.31359539127966374
2021-05-13,0.3400552062728447,0.34344989936673037,0.3164948943604249
2021-05-14,0.33343338971607106,0.3541788108160569,0.31238779946787204
2021-05-17,0.32876918101402386,0.35594646357278314,0.31528435541319305
2021-05-18,0.3233794188915442,0.36404308467448576,0.31257749643397
2021-05-19,0.32544927731869633,0.3640808671914937,0.31046985548981
2021-05-20,0.3277221175364843,0.35799644563053246,0.3142814368329833
2021-05-21,0.33063203129144136,0.35560041509262424,0.3137675536159344
2021-05-24,0.3337413027266457,0.35096204669473086,0.31529665057862344
2021-05-25,0.33495347134499714,0.3495730783392294,0.31547345031577356
2021-05-26,0.32976961324910575,0.3589551528399971,0.31127523391089723
2021-05-27,0.3235347551485558,0.35604898231608684,0.3204162625353573
2021-05-28,0.3223908460936545,0.3595325024433356,0.31807665146300995
2021-06-01,0.3232188393145338,0.3564840662427659,0.3202970944427003
2021-06-02,0.32302589465237663,0.35372183586723216,0.32325226948039115
2021-06-03,0.32441835980249345,0.35598597110172026,0.3195956690957864
2021-06-04,0.32144086886894246,0.3604496533328756,0.3181094777981819
2021-06-07,0.32254290792070983,0.3629364449101474,0.3145206471691427
2021-06-08,0.31985716557866833,0.36698364505800524,0.31315918936332643
2021-06-09,0.3206033909892706,0.36300693684726915,0.3163896721634602
2021-06-10,0.31863371110147126,0.3618652781446273,0.31950101075390136
2021-06-11,0.3188024582568928,0.3642769286662433,0.3169206130768639
2021-06-14,0.3239456307434342,0.35806541465711333,0.31798895459945253
2021-06-15,0.32466367212075825,0.35699675647913703,0.3183395714001047
2021-06-16,0.32657939637450106,0.35252696476297485,0.3208936388625241
2021-06-17,0.3318120763861093,0.35127422420451687,0.31691369940937375
2021-06-18,0.33492055142416516,0.35158178207396124,0.31349766650187355
2021-06-21,0.33163940955862875,0.3538550511218854,0.3145055393194858
2021-06-22,0.3329646516569716,0.35464430821639403,0.3123910401266343
2021-06-23,0.3309391989231354,0.358380813266683,0.31067998781018163
2021-06-24,0.332523480502305,0.3513284971936352,0.3161480223040598
2021-06-25,0.3358593436386004,0.3491942482732871,0.3149464080881124
2021-06-28,0.3359476074078034,0.344518833635449,0.3195335589567476
2021-06-29,0.3358084201670954,0.34360732395761523,0.3205842558752893
2021-06-30,0.33365795963592076,0.34455502279950684,0.32178701756457234
2021-07-01,0.33400939471851765,0.3450121949568091,0.3209784103246732
2021-07-02,0.3385043902891248,0.34081934818494214,0.320676261525933
2021-07-06,0.3413034028063205,0.3362622544734894,0.32243434272019006
2021-07-07,0.3465268960811933,0.32860731849766545,0.32486578542114114
2021-07-08,0.3463572257745301,0.32774999803469856,0.3258927761907714
2021-07-09,0.3402795604791987,0.33517473177956686,0.3245457077412345
2021-07-12,0.341718502520682,0.3336122462925809,0.3246692511867373
2021-07-13,0.34393909650061016,0.32880654926693226,0.3272543542324576
2021-07-14,0.3486215842137071,0.3230464346311629,0.32833198115513
2021-07-15,0.3488860026362316,0.32382486799926785,0.3272891293645005
2021-07-16,0.35097691477794596,0.319275227847175,0.3297478573748792
2021-07-19,0.34813653084444574,0.31588405487102916,0.3359794142845251
2021-07-20,0.3445817732843031,0.3199938141121905,0.3354244126035063
2021-07-21,0.338022907943529,0.3241043355403896,0.3378727565160813
2021-07-22,0.34455217390364484,0.3164640700378323,0.3389837560585228
2021-07-23,0.34785290927291895,0.31498503258143395,0.337162058145647
2021-07-26,0.34698843322616246,0.31534998537037834,0.3376615814034591
2021-07-27,0.3484453165573629,0.3159560519475294,0.3355986314951077
2021-07-28,0.34595985797053735,0.3171226158482195,0.3369175261812432
2021-07-29,0.34508971273408573,0.3202269243620468,0.3346833629038674
2021-07-30,0.33928991748879156,0.3221618543326594,0.33854822817854907
2021-08-02,0.3349860549185939,0.3264264020762246,0.3385875430051816
2021-08-03,0.3313016546739089,0.3262409659743977,0.34245737935169346
2021-08-04,0.32182920096827683,0.3406879622934038,0.3374828367383193
2021-08-05,0.3234741533157377,0.34126708212342066,0.3352587645608417
2021-08-06,0.32514510146761244,0.3411543414054269,0.33370055712696056
2021-08-09,0.32505666666455096,0.3439672869337941,0.33097604640165496
2021-08-10,0.3216254407378731,0.3500440805535305,0.3283304787085964
2021-08-11,0.31790694699186817,0.3554273540622091,0.32666569894592273
2021-08-12,0.32104600691352453,0.35590650003529517,0.32304749305118047
2021-08-13,0.31664348382592494,0.3597007901139324,0.32365572606014276
2021-08-16,0.3155639545457938,0.3647558150225953,0.31968023043161087
2021-08-17,0.3231490904163128,0.35775606232067103,0.3190948472630161
2021-08-18,0.32855055608912487,0.353916686993742,0.317532756917133
2021-08-19,0.326714734414841,0.3528247689312591,0.32046049665389975
2021-08-20,0.32784301088650425,0.3509886475548647,0.32116834155863105
2021-08-23,0.32745986790253717,0.3510696749954638,0.32147045710199895
2021-08-24,0.3240820114153599,0.35464627147454936,0.32127171711009067
2021-08-25,0.32733749797530254,0.3521158421685376,0.32054665985616
2021-08-26,0.3309132567748311,0.34994523487198864,0.3191415083531803
2021-08-27,0.33201772515539296,0.347341146165976,0.32064112867863115
2021-08-30,0.33426266817149564,0.3461072610559165,0.3196300707725881
2021-08-31,0.33611072535498226,0.34676222056710715,0.31712705407791064
2021-09-01,0.3420736009510153,0.3431874138487661,0.3147389852002187
2021-09-02,0.339734274298527,0.3432218190683024,0.3170439066331706
2021-09-03,0.3420114813060147,0.33751994220695547,0.3204685764870298
2021-09-07,0.34245850476478423,0.3362332744150674,0.32130822082014837
2021-09-08,0.34655051609249354,0.33132425634976537,0.3221252275577411
2021-09-09,0.3419673560955385,0.3366801061649891,0.3213525377394725
2021-09-10,0.33566598904669886,0.3370875852210163,0.32724642573228496
2021-09-13,0.33513569822982314,0.3352610027732747,0.3296032989969021
2021-09-14,0.3379679688832102,0.330083358749595,0.3319486723671948
2021-09-15,0.3332282213269184,0.33482745517070645,0.331944323502375
2021-09-16,0.33255229394548363,0.33420976230044774,0.3332379437540685
2021-09-17,0.329893224742273,0.34056187933948384,0.3295448959182433
2021-09-20,0.3289159926899076,0.3424658939365993,0.32861811337349317
2021-09-21,0.3306381175104395,0.34300043539485653,0.32636144709470394
2021-09-22,0.3314142995564845,0.338530967287519,0.33005473315599637
2021-09-23,0.3306999112646011,0.33899183137975464,0.33030825735564434
2021-09-24,0.3296756915404609,0.3376943240408393,0.3326299844186998
2021-09-27,0.3304363152255,0.33851157383437486,0.3310521109401252
2021-09-28,0.32865552305242596,0.34363581672801846,0.3277086602195557
2021-09-29,0.3302976444408572,0.34275606223132277,0.32694629332782016
2021-09-30,0.3303949777503465,0.3333848701653727,0.3362201520842808
2021-10-01,0.3297335472019661,0.33352302883013657,0.3367434239678974
2021-10-04,0.3286344741249452,0.3351743233646405,0.3361912025104143
2021-10-05,0.32737268549035714,0.3353062314078936,0.3373210831017493
2021-10-06,0.3252587852948519,0.3382798931615037,0.3364613215436444
2021-10-07,0.3296451499679313,0.33207345680666445,0.3382813932254042
2021-10-08,0.33328697847670485,0.32948949681339934,0.33722352470989586
2021-10-11,0.33304030656799344,0.3319163134901608,0.3350433799418457
2021-10-12,0.3318578093808091,0.33515005494812133,0.33299213567106944
2021-10-13,0.33458075203786275,0.3315807536500353,0.3338384943121019
2021-10-14,0.3324956926230763,0.3344346955157589,0.3330696118611648
2021-10-15,0.3330522956846334,0.33137556555838826,0.33557213875697833
2021-10-18,0.3317385113426354,0.3323213579386552,0.3359401307187095
2021-10-19,0.33102847399555424,0.33162660290021007,0.33734492310423564
2021-10-20,0.3339069239298657,0.3299623587000335,0.3361307173701008
2021-10-21,0.3347758505407182,0.3327799139650386,0.3324442354942431
2021-10-22,0.3340589999511884,0.3332018779693751,0.3327391220794365
2021-10-25,0.3377926293660501,0.3308745832374318,0.33133278739651817
2021-10-26,0.3404249306400078,0.3254088208606562,0.334166248499336
2021-10-27,0.3379365921985819,0.3309650605297409,0.33109834727167725
2021-10-28,0.3392407698638698,0.3264497592712961,0.33430947086483415
2021-10-29,0.3423756302590562,0.32375159745512705,0.3338727722858167
2021-11-01,0.33738501939566296,0.3277567967657517,0.3348581838385855
2021-11-02,0.33932741820622747,0.3197948388355379,0.34087774295823464
2021-11-03,0.338829681922736,0.3210441603393558,0.3401261577379083
2021-11-04,0.3409004999533727,0.3143793172804427,0.34472018276618466
2021-11-05,0.34190996153012787,0.3132413886375332,0.34484864983233887
2021-11-08,0.33791290012071035,0.315006079599413,0.3470810202798766
2021-11-09,0.3352118710032618,0.31416913722777423,0.350618991768964
2021-11-10,0.33728932073555046,0.31552865499179195,0.34718202427265765
2021-11-11,0.335746087633783,0.31807684933145675,0.3461770630347603
2021-11-12,0.3356666976494592,0.3174277679531302,0.34690553439741056
2021-11-15,0.3386411328938865,0.312164749877278,0.3491941172288354
2021-11-16,0.3404486736324743,0.3071197776578356,0.35243154870969007
2021-11-17,0.34216127428572934,0.30666788956811813,0.35117083614615263
2021-11-18,0.34442661628359483,0.30602321426628104,0.34955016945012424
2021-11-19,0.34872589846726065,0.304257628680972,0.3470164728517673
2021-11-22,0.3470473378847853,0.3086827383179453,0.34426992379726945
2021-11-23,0.34208945040909133,0.3138111059542848,0.3440994436366238
2021-11-24,0.3409138523581064,0.3124457691427798,0.3466403784991139
2021-11-26,0.3414313291520349,0.31894041911494,0.3396282517330252
2021-11-29,0.3388705130166084,0.3171066996621042,0.34402278732128744
2021-11-30,0.34591280005182073,0.31334461653875506,0.3407425834094242
2021-12-01,0.34570795815753136,0.31472329618755474,0.33956874565491396
2021-12-02,0.34337392086887114,0.31693185209232977,0.33969422703879915
2021-12-03,0.3416121049130341,0.32176348571040647,0.33662440937655946
2021-12-06,0.33838165012196997,0.3265427675501148,0.3350755823279153
2021-12-07,0.34098757892073556,0.3265134327582005,0.33249898832106395
2021-12-08,0.34346928393863074,0.3273474024518439,0.32918331360952535
2021-12-09,0.34339304221331096,0.3251298807152481,0.3314770770714409
2021-12-10,0.35153022953956475,0.31485297837960446,0.33361679208083084
2021-12-13,0.3554701846424394,0.31185441051530405,0.33267540484225655
2021-12-14,0.3524487453817161,0.31490856973160947,0.3326426848866745
2021-12-15,0.34510102741286103,0.3210234258948744,0.3338755466922646
2021-12-16,0.3421401058735006,0.32384023410477436,0.3340196600217251
2021-12-17,0.3336464624489155,0.3343888583942228,0.3319646791568616
2021-12-20,0.33185246612341274,0.3316008554352882,0.33654667844129915
2021-12-21,0.3294718869346328,0.33033522550817573,0.3401928875571913
2021-12-22,0.33175013350023114,0.3289297733500065,0.33932009314976236
2021-12-23,0.33241560064859155,0.3259444546442099,0.34163994470719855
2021-12-27,0.33069967361440356,0.32303149769070166,0.34626882869489484
2021-12-28,0.3329263733608657,0.323646788779567,0.3434268378595673
2021-12-29,0.3326327589369445,0.32159198795635296,0.34577525310670254
2021-12-30,0.32934393288476055,0.3334747967187525,0.33718127039648677
2021-12-31,0.3304106065705256,0.3294419546875319,0.3401474387419424
2022-01-03,0.33091525964977264,0.3274267178561044,0.34165802249412297
2022-01-04,0.33229843939939296,0.32115835145079585,0.3465432091498111
2022-01-05,0.3374831029117762,0.31220552116042355,0.3503113759278002
2022-01-06,0.33708129572710227,0.31109236630349313,0.3518263379694047
2022-01-07,0.33698744319787677,0.31172404377992363,0.35128851302219954
2022-01-10,0.33344894134597636,0.31778827916118724,0.34876277949283646
2022-01-11,0.3285570001434738,0.32337178616930784,0.34807121368721833
2022-01-12,0.3281770906246519,0.32440992920389217,0.3474129801714559
2022-01-13,0.3331824028134208,0.32079080023765016,0.3460267969489291
2022-01-14,0.3363040098074199,0.30948737572568197,0.35420861446689805
2022-01-18,0.3449764579234579,0.29844985174268496,0.3565736903338572
2022-01-19,0.3453280984432323,0.3034864019200384,0.35118549963672935
2022-01-20,0.35206319564988986,0.30014417395472504,0.34779263039538505
2022-01-21,0.3509304271561734,0.296871662287863,0.35219791055596356
2022-01-24,0.34583019007364074,0.3022252730185008,0.35194453690785854
2022-01-25,0.35018054982029706,0.3014263223200192,0.34839312785968374
2022-01-26,0.347011533239731,0.30508968645430573,0.3478987803059632
2022-01-27,0.3555865178170732,0.3058692381829897,0.3385442439999371
2022-01-28,0.3374325519116015,0.31045759893802916,0.35210984915036925
2022-01-31,0.3115346844853701,0.33150108155883484,0.35696423395579496
2022-02-01,0.304603203064754,0.34265542853580633,0.3527413683994397
2022-02-02,0.302118373993991,0.3447823308839636,0.3530992951220453
2022-02-03,0.29744928978316654,0.34869320801855397,0.3538575021982796
2022-02-04,0.2987702429750882,0.3521524215091566,0.3490773355157552
2022-02-07,0.29513595376502366,0.351555183556348,0.35330886267862827
2022-02-08,0.29411511370365856,0.3521456465025189,0.35373923979382255
2022-02-09,0.29282056473562773,0.3556872666750824,0.35149216858929
2022-02-10,0.2936783533572196,0.3573558345143944,0.34896581212838607
2022-02-11,0.2942763160231239,0.35967660623926095,0.34604707773761517
2022-02-14,0.2930130557541143,0.37187197758495105,0.33511496666093465
2022-02-15,0.2880541229124145,0.36872889193605557,0.34321698515152993
2022-02-16,0.28589114343670796,0.3686216422869215,0.3454872142763706
2022-02-17,0.3026541854642582,0.35676234149665176,0.3405834730390901
2022-02-18,0.3101965909817544,0.3545997281751196,0.33520368084312613
2022-02-22,0.321616338119732,0.3453953933466397,0.3329882685336282
2022-02-23,0.3316738636774838,0.34125869352353105,0.3270674427989852
2022-02-24,0.3103186011106106,0.3586762092521008,0.3310051896372886
2022-02-25,0.2956980455471589,0.36270847555930796,0.34159347889353303
2022-02-28,0.3124345438367607,0.3509327766465636,0.33663267951667575
2022-03-01,0.3514074736245231,0.3189221651344046,0.32967036124107235
2022-03-02,0.34847420320600964,0.3138876023525026,0.3376381944414878
2022-03-03,0.3579238902934355,0.31185516596550034,0.3302209437410641
2022-03-04,0.36900033391940956,0.30572480531831103,0.32527486076227946
2022-03-07,0.38457354884654377,0.288758687161105,0.3266677639923512
2022-03-08,0.3834656008256142,0.2920905382033758,0.3244438609710099
2022-03-09,0.36073798051129125,0.30882267133130104,0.3304393481574077
2022-03-10,0.3739329130616755,0.2983778837789334,0.3276892031593912
2022-03-11,0.3840952593198418,0.28854089591274235,0.3273638447674158
2022-03-14,0.38953240940539907,0.29040467961937383,0.32006291097522716
2022-03-15,0.36784669444447216,0.30355165546647317,0.3286016500890547
2022-03-16,0.34832924487400563,0.3200527814140885,0.3316179737119059
2022-03-17,0.3412963145307126,0.3260286225549694,0.332675062914318
2022-03-18,0.3186974878268019,0.3408586037583056,0.3404439084148925
2022-03-21,0.3155508265870236,0.33870132025806554,0.3457478531549109
2022-03-22,0.3103980426179423,0.3442072379746567,0.34539471940740096
2022-03-23,0.302284155016217,0.34241926215169866,0.3552965828320843
2022-03-24,0.32216109815395666,0.32543284434172126,0.352406057504322
2022-03-25,0.33281992134746385,0.3128560055992845,0.35432407305325164
2022-03-28,0.3347786083558631,0.3167842939494665,0.34843709769467035
2022-03-29,0.3166579407657419,0.33400521382615067,0.3493368454081074
2022-03-30,0.3267028537166224,0.3321630898308548,0.34113405645252276
2022-03-31,0.324939441573795,0.33433041373771233,0.34073014468849266
2022-04-01,0.31843047479940056,0.3408607777996876,0.34070874740091184
2022-04-04,0.3078280019780714,0.35263294795767847,0.3395390500642501
2022-04-05,0.30936746979909036,0.3517842367166886,0.33884829348422113
2022-04-06,0.3293380146094745,0.3391594682097644,0.33150251718076107
2022-04-07,0.3211702177970347,0.33927209489706134,0.339557687305904
2022-04-08,0.31277789756447527,0.347836668364974,0.3393854340705507
2022-04-11,0.3155062168453606,0.3454895789863914,0.339004204168248
2022-04-12,0.33661962386796784,0.3323783926891898,0.33100198344284243
2022-04-13,0.3503050578997284,0.3235136501616975,0.32618129193857415
2022-04-14,0.37200979310149823,0.30806310532882236,0.3199271015696794
2022-04-18,0.3780115993646703,0.29722463976611707,0.32476376086921255
2022-04-19,0.36019664708116955,0.31247160842988464,0.32733174448894586
2022-04-20,0.3637948347821391,0.30608772703666276,0.3301174381811982
2022-04-21,0.3722217538929908,0.3043181583003425,0.3234600878066667
2022-04-22,0.39172245461314653,0.2959551791487899,0.31232236623806364
2022-04-25,0.3763175519226621,0.3138345989855154,0.3098478490918225
2022-04-26,0.3991141480538738,0.2976226888625049,0.3032631630836214
2022-04-27,0.4069182567489672,0.2915111700238409,0.3015705732271919
2022-04-28,0.37706079716924706,0.307830420714328,0.31510878211642496
2022-04-29,0.39457102378630643,0.29775606151070955,0.30767291470298413
2022-05-02,0.37833432407886647,0.30831544350837525,0.31335023241275833
2022-05-03,0.3820862668105952,0.296071549770022,0.3218421834193827
2022-05-04,0.35945178792104376,0.3037182965827391,0.33682991549621716
2022-05-05,0.389087336935978,0.2850169356281517,0.32589572743587036
2022-05-06,0.39878568357956823,0.2866158200750239,0.3145984963454079
2022-05-09,0.42625278898684227,0.2655700621769855,0.3081771488361723
2022-05-10,0.406527237797631,0.27392220461096833,0.31955055759140055
2022-05-11,0.424512456769408,0.26147986295527653,0.3140076802753155
2022-05-12,0.4295487033806196,0.26259876869303994,0.3078525279263404
2022-05-13,0.3902305089654171,0.28412372447857315,0.32564576655600974
2022-05-16,0.3996329964125901,0.27961243857420215,0.3207545650132078
2022-05-17,0.39387995871132336,0.2774373830759582,0.3286826582127184
2022-05-18,0.4207155442638768,0.263075042133275,0.31620941360284816
2022-05-19,0.40531825897482937,0.2814585113629957,0.3132232296621749
2022-05-20,0.3936987679816117,0.28988745507606933,0.3164137769423191
2022-05-23,0.39846490229684867,0.2828426680449416,0.31869242965820965
2022-05-24,0.38972399591615625,0.2849269229066461,0.3253490811771977
2022-05-25,0.3771027534204908,0.29620412301357996,0.3266931235659293
2022-05-26,0.3834152832851288,0.29841877383209825,0.3181659428827729
2022-05-27,0.3496405719379717,0.3139323219869275,0.3364271060751009
2022-05-31,0.36529875741752954,0.3006467192797744,0.3340545233026962
2022-06-01,0.36435064173359066,0.3049158350711643,0.33073352319524507
2022-06-02,0.3783020134940196,0.3085304014090548,0.3131675850969257
2022-06-03,0.34970871251990276,0.32483440419133314,0.32545688328876404
2022-06-06,0.3422548664088664,0.3292643642832261,0.3284807693079073
2022-06-07,0.3159897693483544,0.35056270864013545,0.33344752201151023
2022-06-08,0.32192999326043364,0.35320116632994314,0.3248688404096233
2022-06-09,0.3046924990151855,0.36672944503747307,0.32857805594734135
2022-06-10,0.30784895063755774,0.35999793255657353,0.33215311680586873
2022-06-13,0.3370521116833676,0.34483448299617153,0.31811340532046084
2022-06-14,0.32778323926744357,0.3530825734602617,0.31913418727229487
2022-06-15,0.33249554881037896,0.356174837446357,0.3113296137432641
2022-06-16,0.33188476527779703,0.3572692903350201,0.3108459443871829
2022-06-17,0.3235017972183332,0.3579231227619264,0.31857508001974033
2022-06-21,0.3060455568735951,0.36257741581609737,0.3313770273103075
2022-06-22,0.3145026322416691,0.361547773592,0.32394959416633085
2022-06-23,0.29239527024753914,0.3754935476402726,0.3321111821121882
2022-06-24,0.2818443516150564,0.3760897843534748,0.34206586403146877
2022-06-27,0.29464813808537155,0.3661191725748756,0.3392326893397529
2022-06-28,0.30726526152067357,0.36106966610152785,0.33166507237779863
2022-06-29,0.3068452771670274,0.3678011543284807,0.32535356850449193
2022-06-30,0.30572840399791973,0.3684341895714557,0.32583740643062464
2022-07-01,0.30937344120463245,0.3677966974754195,0.32282986131994795
2022-07-05,0.3076861063588104,0.37521576976504095,0.3170981238761485
2022-07-06,0.30887394767635334,0.36855347197523475,0.3225725803484118
2022-07-07,0.3015021625024095,0.3687522706779716,0.329745566819619
2022-07-08,0.3001995671490957,0.36349222562962,0.3363082072212843
2022-07-11,0.3008817174404597,0.35687875522587953,0.34223952733366086
2022-07-12,0.30045711822079935,0.3581003546622717,0.341442527116929
2022-07-13,0.29457190826287855,0.36289985531312147,0.342528236424
2022-07-14,0.2903221134549063,0.35967155988598193,0.3500063266591117
2022-07-15,0.2921945084381528,0.35960468290098824,0.348200808660859
2022-07-18,0.26269693845923436,0.37831563738755175,0.3589874241532139
2022-07-19,0.27223768787267816,0.37158817221554696,0.3561741399117748
2022-07-20,0.28399076423955705,0.36600176768533144,0.35000746807511146
2022-07-21,0.28389635558132253,0.36443758124612086,0.35166606317255655
2022-07-22,0.2902367762525022,0.3619876627434138,0.3477755610040839
2022-07-25,0.3086448695759956,0.35372810078144495,0.3376270296425595
2022-07-26,0.30625831342374554,0.3521505908610085,0.34159109571524593
2022-07-27,0.30630731600684896,0.35447708783850357,0.3392155961546474
2022-07-28,0.30123022396585397,0.3546366667025421,0.34413310933160396
2022-07-29,0.30532821531297166,0.35519563933821613,0.3394761453488122
2022-08-01,0.3016748300707637,0.3516622674504421,0.3466629024787942
2022-08-02,0.3045440052167855,0.34798648869269055,0.347469506090524
2022-08-03,0.30568422425865605,0.35336577237292,0.34095000336842407
2022-08-04,0.31388035028481454,0.34157866363239436,0.34454098608279105
2022-08-05,0.31118489066345234,0.34556502850667903,0.34325008082986863
2022-08-08,0.30920898271320013,0.35460291330880095,0.33618810397799886
2022-08-09,0.3129699160747829,0.3582630203313796,0.32876706359383756
2022-08-10,0.3122231450250289,0.35572468988275,0.3320521650922209
2022-08-11,0.31386076309764965,0.3594660451957225,0.32667319170662795
2022-08-12,0.3247372577318982,0.34933157287298705,0.3259311693951148
2022-08-15,0.3287257133498252,0.34480911673036324,0.3264651699198117
2022-08-16,0.327985589617217,0.3461152006987657,0.3258992096840173
2022-08-17,0.3307202966968056,0.34669591216221696,0.32258379114097746
2022-08-18,0.3292032878443826,0.34573996523687683,0.3250567469187406
2022-08-19,0.33138164949030335,0.34278976952387874,0.32582858098581785
2022-08-22,0.33283110306384484,0.3441941450393207,0.32297475189683444
2022-08-23,0.3340818075111887,0.34673726883241623,0.3191809236563951
2022-08-24,0.33322768652565055,0.34539611481064786,0.32137619866370154
2022-08-25,0.3236244251678113,0.3476376033069204,0.32873797152526835
2022-08-26,0.34192616323523495,0.342501360808854,0.31557247595591115
2022-08-29,0.3515218679416182,0.3369968525013249,0.31148127955705696
2022-08-30,0.36103432478870606,0.3271219389640172,0.3118437362472766
2022-08-31,0.36605759206747795,0.3228868669473367,0.31105554098518534
2022-09-01,0.3656907179630691,0.3317546129949236,0.30255466904200745
2022-09-02,0.3779325976127274,0.31990856025194336,0.30215884213532923
2022-09-06,0.38485288201670276,0.3089454968736317,0.3062016211096655
2022-09-07,0.3678685778372542,0.3128936321731801,0.3192377899895657
2022-09-08,0.36534330711753193,0.3164529501480725,0.3182037427343955
2022-09-09,0.3526556954041548,0.32740559558707605,0.319938709008769
2022-09-12,0.3474385013211276,0.3331487542025712,0.3194127444763013
2022-09-13,0.37676936303698766,0.3202489277111397,0.3029817092518726
2022-09-14,0.3755625487727772,0.31817212479977,0.3062653264274529
2022-09-15,0.3842670582732637,0.31258852547730004,0.3031444162494363
2022-09-16,0.389715639816426,0.3095755086540116,0.3007088515295623
2022-09-19,0.3809538687796882,0.316994276529276,0.30205185469103585
2022-09-20,0.38462514978781565,0.30869978366028844,0.30667506655189597
2022-09-21,0.3933243016689063,0.30425508558414077,0.30242061274695303
2022-09-22,0.4015276278209018,0.30380494187844215,0.294667430300656
2022-09-23,0.42622256039278617,0.29288529354646153,0.2808921460607523
2022-09-26,0.40641635655639674,0.29834414808788423,0.2952394953557191
2022-09-27,0.3941708650804268,0.30672507988069164,0.29910405503888154
2022-09-28,0.3729568564519012,0.3203724407841296,0.30667070276396924
2022-09-29,0.38073655724374483,0.31413609241330787,0.30512735034294736
2022-09-30,0.389058272358786,0.31042585252863686,0.3005158751125772
2022-10-03,0.36386388049084256,0.32084093483656406,0.31529518467259343
2022-10-04,0.34034882845281456,0.332968784238201,0.32668238730898447
2022-10-05,0.3516662938470274,0.3239650733634099,0.32436863278956274
2022-10-06,0.36111852472359945,0.31928801982416805,0.3195934554522325
2022-10-07,0.40151416468685375,0.2967029466397552,0.3017828886733912
2022-10-10,0.4140698398156953,0.29024650773253835,0.2956836524517663
2022-10-11,0.39287712127622115,0.2981905249716196,0.3089323537521594
2022-10-12,0.3971913474331058,0.29524975737143366,0.3075588951954605
2022-10-13,0.3716620928501442,0.30712213730467974,0.321215769845176
2022-10-14,0.38561177705729793,0.30323824304296026,0.31114997989974175
2022-10-17,0.3769583539932382,0.3006679512387581,0.3223736947680037
2022-10-18,0.3670465110161031,0.3072858985573324,0.32566759042656446
2022-10-19,0.357366426216387,0.3138155642159741,0.3288180095676388
2022-10-20,0.35121688622746255,0.3145019291211561,0.3342811846513814
2022-10-21,0.3284856106501671,0.32386296688336597,0.3476514224664669
2022-10-24,0.320169135201175,0.3238212878902445,0.35600957690858037
2022-10-25,0.3150841684306577,0.32836601590121084,0.35654981566813143
2022-10-26,0.3177832166806027,0.3296640657023001,0.3525527176170971
2022-10-27,0.3053351722527909,0.33383690843961467,0.36082791930759456
2022-10-28,0.29455208952065826,0.3331206921749814,0.3723272183043604
2022-10-31,0.30997075915490474,0.3277213827145786,0.36230785813051675
2022-11-01,0.32268698134900514,0.32483584075677896,0.3524771778942159
2022-11-02,0.3219924732616078,0.32937759358552005,0.3486299331528722
2022-11-03,0.3142760366217742,0.33600092329131903,0.3497230400869067
2022-11-04,0.28235585075117314,0.34402292285530417,0.37362122639352274
2022-11-07,0.27070138672521205,0.3467954509172262,0.38250316235756177
2022-11-08,0.25890118277731045,0.35452386747136916,0.38657494975132045
2022-11-09,0.268224592349845,0.3528326899844244,0.37894271766573057
2022-11-10,0.23872921774007663,0.37575223587016754,0.3855185463897557
2022-11-11,0.21951790013237135,0.3865242383740186,0.39395786149360995
2022-11-14,0.23038991370677314,0.38715241643756726,0.38245766985565965
2022-11-15,0.23551475089609367,0.38514171109446127,0.37934353800944504
2022-11-16,0.2373125077122426,0.3821234137755019,0.38056407851225554
2022-11-17,0.23479654016102863,0.3848726184328567,0.3803308414061147
2022-11-18,0.24684199886053265,0.3841698209840052,0.3689881801554621
2022-11-21,0.2502035965631313,0.3851964230122315,0.36459998042463715
2022-11-22,0.25995695789630263,0.37496430822803656,0.36507873387566087
2022-11-23,0.2690052879711885,0.368773320684616,0.3622213913441955
2022-11-25,0.2686613333501819,0.37080260349543104,0.3605360631543871
2022-11-28,0.26911823878682156,0.3784086367104677,0.35247312450271073
2022-11-29,0.2664497963782418,0.381588259817376,0.3519619438043822
2022-11-30,0.27654409626495097,0.3720315887488728,0.3514243149861762
2022-12-01,0.27777623862073797,0.37085237527476356,0.3513713861044984
2022-12-02,0.2814752521476072,0.36765778696898077,0.3508669608834122
2022-12-05,0.2884887127894084,0.36727416372551774,0.3442371234850739
2022-12-06,0.29147804423464657,0.3707084121217679,0.3378135436435856
2022-12-07,0.29392130767563956,0.3711402597024839,0.3349384326218766
2022-12-08,0.28122929646152073,0.3751049087130605,0.3436657948254188
2022-12-09,0.3296619577462205,0.34663063028520713,0.3237074119685724
2022-12-12,0.3327146816171849,0.3416364935291456,0.32564882485366947
2022-12-13,0.3282226225719107,0.3454628231670693,0.3263145542610201
2022-12-14,0.3279796802182148,0.3506856674865841,0.32133465229520114
2022-12-15,0.3249453806248883,0.35129505914610193,0.3237595602290098
2022-12-16,0.3243828272988303,0.3554285657019508,0.32018860699921897
2022-12-19,0.3338556897585436,0.34810983885801017,0.31803447138344615
2022-12-20,0.3329137224646358,0.3504371270915333,0.31664915044383085
2022-12-21,0.32211350724299803,0.3573288542314051,0.3205576385255968
2022-12-22,0.33469714513851745,0.35150884177273484,0.31379401308874777
2022-12-23,0.3344208940354492,0.3519982715334876,0.31358083443106305
2022-12-27,0.33897355579466776,0.34597507803069033,0.31505136617464197
2022-12-28,0.34921375411338235,0.34079531419419673,0.309990931692421
2022-12-29,0.3319532771806566,0.35188019040198315,0.31616653241736026
2022-12-30,0.3348956565508451,0.3474443852155636,0.31765995823359133
